AWB No,Order No.,Client Name,Branch,Origin,Destination,Order Type,Order State,Delivery Type,Delivery Location Type,Order Date,Start Date,End Date,Payment Type,Order Value,Re-calculated Value,Status,Service Time (in minutes),Delivery Associate,Trip,ETA,Start Time(Actual),End Time(Actual),Planned Distance,Actual Distance,Start Time (Planned),End Time (Planned),Time Taken (Difference in Mins.),Customer Name,Amount Collected,POD count,No. of Crates,Weight (Kg),Volume (Cc),Customer comments,Delivery notes,No. of Attempts,Territory Enter Time,Territory Exit Time,Actual distance from Hub
-,-,-,-,-,-,-,-,-,-,-,-,-,-,-,-,-,-,-,-,-,-,-,-,-,-,-,-,-,-,-,-,-,-,-,-,-,-,-,-
Ord_5057448_UPD,ord_905627487228_test,Test Automation Client,Test Automation Client Main Branch,Test Automation Client Main Branch,"A901 Supreme Business Park,South Avenue,Near Hiranandani Gardens,nullMumbai,400076",DELIVER,Forward,-,-,"11, Jun 2019 03:42 AM","16, Jun 2019 05:22 AM","16, Jun 2019 06:22 AM",Prepaid,65.0,-,Not Dispatched,-,-,-,-,-,-,0.0,-,-,-,-,User_5390,0.0,0,10,-,-,-,-,0,-,-,8.554
Ord_3226911_test,Ord_6885789_test,Test Automation Client,Mumbai,Mumbai,"A901 Supreme Business Park,South Avenue,Near Hiranandani Gardens,Mumbai,Maharashtra,INDIA,400076",DELIVER,Forward,-,-,"11, Jun 2019 03:41 AM","16, Jun 2019 04:31 AM","16, Jun 2019 05:01 AM",Prepaid,0.0,-,Not Dispatched,-,User_2627871,TRIP-9770,"16, Jun 2019 04:46 AM",-,-,20.712,-,"16, Jun 2019 03:50 AM","16, Jun 2019 04:46 AM",-,User_8297,0.0,0,10,-,-,-,-,0,-,-,18.998411178588867
Ord_1287750_test,Ord_3014642_test,Test Automation Client,Mumbai,Mumbai,"A901 Supreme Business Park,South Avenue,Near Hiranandani Gardens,Mumbai,Maharashtra,INDIA,400076",DELIVER,Forward,-,-,"11, Jun 2019 03:40 AM","16, Jun 2019 04:30 AM","16, Jun 2019 05:00 AM",Prepaid,0.0,-,Not Dispatched,-,User_2439685,TRIP-9768,"16, Jun 2019 04:45 AM",-,-,20.712,-,"16, Jun 2019 03:49 AM","16, Jun 2019 04:45 AM",-,User_6056,0.0,0,10,-,-,-,-,0,-,-,18.998411178588867
Ord_4090342_test,ord_261827123243_test,Test Automation Client,Test Automation Client Main Branch,Test Automation Client Main Branch,"A901 Supreme Business Park,South Avenue,Near Hiranandani Gardens,Mumbai,Maharashtra,INDIA,400076",DELIVER,Forward,-,-,"11, Jun 2019 03:40 AM","16, Jun 2019 04:30 AM","16, Jun 2019 05:00 AM",Prepaid,0.0,-,Not Dispatched,-,-,-,-,-,-,0.0,-,-,-,-,User_9061,0.0,0,10,-,-,-,-,0,-,-,0.676
Ord_9385331_test,Ord_4071946_test,Test Automation Client,Mumbai,Mumbai,"A901 Supreme Business Park,South Avenue,Near Hiranandani Gardens,Mumbai,Maharashtra,INDIA,400076",DELIVER,Forward,-,-,"11, Jun 2019 03:39 AM","16, Jun 2019 04:29 AM","16, Jun 2019 04:59 AM",Prepaid,0.0,-,Not Dispatched,-,User_4158900,TRIP-9766,"16, Jun 2019 04:44 AM",-,-,20.712,-,"16, Jun 2019 03:48 AM","16, Jun 2019 04:44 AM",-,User_5741,0.0,0,10,-,-,-,-,0,-,-,18.998411178588867
Ord_3083114_test,ord_885059946462_test,Test Automation Client,Test Automation Client Main Branch,Test Automation Client Main Branch,"A901 Supreme Business Park,South Avenue,Near Hiranandani Gardens,Mumbai,Maharashtra,INDIA,400076",DELIVER,Forward,-,-,"11, Jun 2019 03:36 AM","16, Jun 2019 04:26 AM","16, Jun 2019 04:56 AM",Prepaid,0.0,-,Not Dispatched,-,-,-,-,-,-,0.0,-,-,-,-,User_9028,0.0,0,10,-,-,-,-,0,-,-,0.676
Ord_0115951_test,Ord_3264634_test,Test Automation Client,Kolkata,Kolkata,"A901 Supreme Business Park,South Avenue,Near Hiranandani Gardens,Kolkata,Maharashtra,INDIA,400076",DELIVER,Forward,-,-,"11, Jun 2019 03:33 AM","16, Jun 2019 04:23 AM","16, Jun 2019 04:53 AM",Prepaid,0.0,500.0,Delivered,1,User_6509482,TRIP-9764,"17, Jun 2019 03:37 PM","15, Jun 2019 10:05 PM","15, Jun 2019 10:10 PM",2046.28,-,"15, Jun 2019 10:05 PM","17, Jun 2019 03:37 PM",5,User_1795,0.0,0,1,-,-,-,-,1,-,-,1656.144287109375
Ord_6703330_File,OrdWallets_8735715_File,Account_Test,Mumbai,Mumbai,"A901 Supreme Business Park,South Avenue,Powai,Mumbai,Maharashtra,INDIA,400076",DELIVER,Forward,Delivery Boy,,"15, Jun 2019 09:46 PM","15, Jun 2019 10:51 PM","15, Jun 2019 11:21 PM",COD,2000.0,2000.0,Delivered,-,-,-,-,"15, Jun 2019 10:05 PM","15, Jun 2019 10:05 PM",0.0,-,-,-,0,User_0396,2000.0,0,6,4.0,500.0,-,-,1,-,-,18.998411178588867
Ord_8230798_test,ord_031093117981_test,Test Automation Client,Test Automation Client Main Branch,Test Automation Client Main Branch,"A901 Supreme Business Park,South Avenue,Near Hiranandani Gardens,Mumbai,Maharashtra,INDIA,400076",DELIVER,Forward,-,-,"11, Jun 2019 03:31 AM","16, Jun 2019 04:21 AM","16, Jun 2019 04:51 AM",Prepaid,0.0,-,Not Dispatched,-,-,-,-,-,-,0.0,-,-,-,-,User_8764,0.0,0,10,-,-,-,-,0,-,-,0.676
Ord_7158581_test,ord_794524227047_test,Test Automation Client,Test Automation Client Main Branch,Test Automation Client Main Branch,"A901 Supreme Business Park,South Avenue,Near Hiranandani Gardens,Mumbai,Maharashtra,INDIA,400076",DELIVER,Forward,-,-,"11, Jun 2019 03:28 AM","16, Jun 2019 04:18 AM","16, Jun 2019 04:48 AM",Prepaid,0.0,-,Not Dispatched,-,User_481920688,TRIP-9761,"18, Jun 2019 04:13 AM",-,-,8.56,-,"18, Jun 2019 03:31 AM","18, Jun 2019 04:13 AM",-,User_0601,0.0,0,10,-,-,-,-,0,-,-,5.777494430541992
5375500,C5375500,Test Automation Client,Mumbai,Mumbai,"supreme business park,hiranandani,powai,Mumbai,SINGAPORE,400076",DELIVER,Forward,-,-,"02, Jun 2017 11:30 AM","15, Jun 2019 09:55 PM","15, Jun 2019 09:55 PM",Prepaid,0.0,0.0,Delivered,-,Auto5375500,TRIP-9760,"15, Jun 2019 10:07 PM","15, Jun 2019 09:56 PM","15, Jun 2019 09:56 PM",23.851,-,"15, Jun 2019 09:05 PM","15, Jun 2019 10:07 PM",0,5375500,0.0,0,1,-,-,-,-,1,-,-,16.876605987548828
Awb_1888680,ord_684399316220_test,Test Automation Client,Test Automation Client Main Branch,Test Automation Client Main Branch,"A901 Supreme Business Park,South Avenue,Powai,Near Hiranandani Gardens,Mumbai,Maharashtra,INDIA,400076",DELIVER,Forward,-,-,"15, Jun 2019 09:24 PM","15, Jun 2019 10:29 PM","15, Jun 2019 10:59 PM",COD,200.0,-,Not Dispatched,-,-,-,-,-,-,0.0,-,-,-,-,User_1311,0.0,0,2,10.0,10.1,-,-,0,-,-,0.42653268575668335
Ord_3865515_test,ord_674656612175_test,Test Automation Client,Test Automation Client Main Branch,Test Automation Client Main Branch,"A901 Supreme Business Park,South Avenue,Near Hiranandani Gardens,Mumbai,Maharashtra,INDIA,400076",DELIVER,Forward,-,-,"11, Jun 2019 02:56 AM","16, Jun 2019 03:46 AM","16, Jun 2019 04:16 AM",Prepaid,0.0,-,Not Dispatched,-,-,-,-,-,-,0.0,-,-,-,-,User_9103,0.0,0,10,-,-,-,-,0,-,-,5.777494430541992
Ord_1816775_test,ord_295575808053_test,Test Automation Client,Test Automation Client Main Branch,Test Automation Client Main Branch,"A901 Supreme Business Park,South Avenue,Near Hiranandani Gardens,Mumbai,Maharashtra,INDIA,400076",DELIVER,Forward,-,-,"11, Jun 2019 02:52 AM","16, Jun 2019 03:42 AM","16, Jun 2019 04:12 AM",Prepaid,0.0,-,Not Dispatched,-,-,-,-,-,-,0.0,-,-,-,-,User_2207,0.0,0,10,-,-,-,-,0,-,-,5.777494430541992
Ord_2414871_File,Ord_4429968_File,Test Automation Client,Test Automation Client Main Branch,Test Automation Client Main Branch,"A901 Supreme Business Park,South Avenue,Powai,Mumbai,Maharashtra,INDIA,400076",DELIVER,Forward,Delivery Boy,,"15, Jun 2019 09:05 PM","15, Jun 2019 10:10 PM","15, Jun 2019 10:40 PM",COD,2000.0,-,Not Dispatched,-,-,-,-,-,-,0.0,-,-,-,-,User_7568,0.0,0,6,4.0,500.0,-,-,0,-,-,5.777494430541992
Ord_1855403_test,ord_061498436504_test,Test Automation Client,Test Automation Client Main Branch,Test Automation Client Main Branch,"A901 Supreme Business Park,South Avenue,Near Hiranandani Gardens,Mumbai,Maharashtra,INDIA,400076",DELIVER,Forward,-,-,"11, Jun 2019 02:38 AM","16, Jun 2019 03:28 AM","16, Jun 2019 03:58 AM",Prepaid,0.0,-,Not Dispatched,-,-,-,-,-,-,0.0,-,-,-,-,User_1404,0.0,0,10,-,-,-,-,0,-,-,5.777494430541992
Awb_4128637,ord_174759579993_test,Test Automation Client,Test Automation Client Main Branch,Test Automation Client Main Branch,"A901 Supreme Business Park,South Avenue,Powai,Near Hiranandani Gardens,Mumbai,Maharashtra,INDIA,400076",DELIVER,Forward,-,-,"15, Jun 2019 08:47 PM","15, Jun 2019 08:52 PM","15, Jun 2019 09:22 PM",COD,200.0,-,Not Dispatched,-,-,-,-,-,-,0.0,-,-,-,-,User_9999,0.0,0,2,10.0,10.1,-,-,0,-,-,0.739
Awb_7112236,ord_802330240955_test,Test Automation Client,Test Automation Client Main Branch,Test Automation Client Main Branch,"A901 Supreme Business Park,South Avenue,Powai,Near Hiranandani Gardens,Mumbai,Maharashtra,INDIA,400076",DELIVER,Forward,-,-,"15, Jun 2019 08:45 PM","15, Jun 2019 09:50 PM","15, Jun 2019 10:20 PM",COD,200.0,-,CANCELLED,-,-,-,-,"15, Jun 2019 09:08 PM","15, Jun 2019 09:08 PM",0.0,-,-,-,0,User_1181,0.0,0,2,10.0,10.1,-,Delivery Boy not available,0,-,-,0.42653268575668335
Ord_9903694_test,ord_014713593081_test,Test Automation Client,Test Automation Client Main Branch,Test Automation Client Main Branch,"A901 Supreme Business Park,South Avenue,Near Hiranandani Gardens,Mumbai,Maharashtra,INDIA,400076",DELIVER,Forward,-,-,"11, Jun 2019 02:32 AM","16, Jun 2019 03:22 AM","16, Jun 2019 03:52 AM",Prepaid,0.0,-,Not Dispatched,-,-,-,-,-,-,0.0,-,-,-,-,User_9249,0.0,0,10,-,-,-,-,0,-,-,5.777494430541992
Awb_9796259,ord_904077127203_test,Test Automation Client,Test Automation Client Main Branch,Test Automation Client Main Branch,"A901 Supreme Business Park,South Avenue,Powai,Near Hiranandani Gardens,Mumbai,Maharashtra,INDIA,400076",DELIVER,Forward,-,-,"15, Jun 2019 08:41 PM","15, Jun 2019 09:46 PM","15, Jun 2019 10:16 PM",COD,200.0,-,Attempted Delivery,-,-,-,-,"15, Jun 2019 09:04 PM","15, Jun 2019 09:04 PM",0.0,-,-,-,0,User_5132,0.0,0,2,10.0,10.1,-,No customer at delivery location,1,-,-,0.42653268575668335
Awb_4282855,ord_654339654165_test,Test Automation Client,Test Automation Client Main Branch,Test Automation Client Main Branch,"A901 Supreme Business Park,South Avenue,Powai,Near Hiranandani Gardens,Mumbai,Maharashtra,INDIA,400076",DELIVER,Forward,-,-,"15, Jun 2019 08:39 PM","15, Jun 2019 09:44 PM","15, Jun 2019 10:14 PM",COD,200.0,200.0,Delivered,-,-,-,-,"15, Jun 2019 09:02 PM","15, Jun 2019 09:02 PM",0.0,-,-,-,0,User_5835,200.0,0,2,10.0,10.1,-,-,1,-,-,0.42653268575668335
Awb_0314420,ord_653530619259_test,Test Automation Client,Test Automation Client Main Branch,Test Automation Client Main Branch,"A901 Supreme Business Park,South Avenue,Powai,Near Hiranandani Gardens,Mumbai,Maharashtra,INDIA,400076",DELIVER,Forward,-,-,"15, Jun 2019 08:37 PM","15, Jun 2019 08:42 PM","15, Jun 2019 09:12 PM",COD,200.0,-,Not Dispatched,-,-,-,-,-,-,0.0,-,-,-,-,User_6770,0.0,0,2,10.0,10.1,-,-,0,-,-,0.42653268575668335
Ord_4737980_test,Ord_7886973_test,Test Automation Client,Delhi,Delhi,"A901 Supreme Business Park,South Avenue,Near Hiranandani Gardens,Delhi,Maharashtra,INDIA,400076",DELIVER,Forward,-,-,"11, Jun 2019 02:25 AM","16, Jun 2019 03:15 AM","16, Jun 2019 03:45 AM",Prepaid,0.0,-,Intransit,-,User_6478817,TRIP-9753,"15, Jun 2019 09:24 PM","15, Jun 2019 08:56 PM",-,2.87,-,"15, Jun 2019 08:56 PM","15, Jun 2019 09:24 PM",-,User_2993,0.0,0,1,-,-,-,-,0,-,-,1.6686804294586182
Ord_9031513_test,Ord_0534904_test,Test Automation Client,Delhi,Delhi,"A901 Supreme Business Park,South Avenue,Near Hiranandani Gardens,Delhi,Maharashtra,INDIA,400076",DELIVER,Forward,-,-,"11, Jun 2019 02:22 AM","16, Jun 2019 03:12 AM","16, Jun 2019 03:42 AM",Prepaid,0.0,-,Intransit,-,User_2116749,TRIP-9751,"15, Jun 2019 09:21 PM","15, Jun 2019 08:54 PM",-,2.87,-,"15, Jun 2019 08:54 PM","15, Jun 2019 09:21 PM",-,User_0888,0.0,0,1,-,-,-,-,0,-,-,1.6686804294586182
Ord_7837829_test,Ord_3522193_test,Test Automation Client,Delhi,Delhi,"A901 Supreme Business Park,South Avenue,Near Hiranandani Gardens,Delhi,Maharashtra,INDIA,400076",DELIVER,Forward,-,-,"11, Jun 2019 02:20 AM","16, Jun 2019 03:10 AM","16, Jun 2019 03:40 AM",Prepaid,0.0,-,Intransit,-,User_0220443,TRIP-9749,"15, Jun 2019 09:18 PM","15, Jun 2019 08:51 PM",-,2.87,-,"15, Jun 2019 08:51 PM","15, Jun 2019 09:18 PM",-,User_3136,0.0,0,1,-,-,-,-,0,-,-,1.6686804294586182
Ord_1214579_File,OrdWallets_9912223_File,Account_Test,Mumbai,Mumbai,"A901 Supreme Business Park,South Avenue,Powai,Mumbai,Maharashtra,INDIA,400076",DELIVER,Forward,Delivery Boy,,"15, Jun 2019 10:06 AM","15, Jun 2019 11:11 AM","15, Jun 2019 11:41 AM",COD,2000.0,2000.0,Delivered,-,-,-,-,"15, Jun 2019 10:25 AM","15, Jun 2019 10:25 AM",0.0,-,-,-,0,User_9110,2000.0,0,6,4.0,500.0,-,-,1,-,-,18.998411178588867
Ord_3129485_test,Ord_8996070_test,Test Automation Client,Mumbai,Mumbai,"A901 Supreme Business Park,South Avenue,Near Hiranandani Gardens,Mumbai,Maharashtra,INDIA,400076",DELIVER,Forward,-,-,"10, Jun 2019 05:33 AM","15, Jun 2019 06:23 AM","15, Jun 2019 06:53 AM",Prepaid,0.0,-,Intransit,-,User_4687755,TRIP-9746,"15, Jun 2019 01:00 AM","15, Jun 2019 12:04 AM",-,20.71,-,"15, Jun 2019 12:04 AM","15, Jun 2019 01:00 AM",-,User_9585,0.0,0,10,-,-,-,-,0,-,-,18.998411178588867
Ord_7175515_test,Ord_WH_8202438325_test,Test Automation Client,Test Automation Client Main Branch,Test Automation Client Main Branch,"A901 Supreme Business Park,South Avenue,Near Hiranandani Gardens,Mumbai,Maharashtra,INDIA,400076",DELIVER,Forward,-,-,"10, Jun 2019 05:32 AM","15, Jun 2019 06:22 AM","15, Jun 2019 06:52 AM",Prepaid,0.0,-,Not Dispatched,-,-,-,-,-,-,0.0,-,-,-,-,User_8418,0.0,0,10,-,-,-,-,0,-,-,5.777494430541992
Ord_3199903_test,Ord_6239706_test,Test Automation Client,Mumbai,Mumbai,"A901 Supreme Business Park,South Avenue,Near Hiranandani Gardens,Mumbai,Maharashtra,INDIA,400076",DELIVER,Forward,-,-,"10, Jun 2019 05:31 AM","15, Jun 2019 06:21 AM","15, Jun 2019 06:51 AM",Prepaid,0.0,-,Intransit,-,User_9942958,TRIP-9744,"15, Jun 2019 12:58 AM","15, Jun 2019 12:02 AM",-,20.71,-,"15, Jun 2019 12:02 AM","15, Jun 2019 12:58 AM",-,User_9792,0.0,0,10,-,-,-,-,0,-,-,18.998411178588867
Ord_4938354_test,Ord_WH_1354304363_test,Test Automation Client,Test Automation Client Main Branch,Test Automation Client Main Branch,"A901 Supreme Business Park,South Avenue,Near Hiranandani Gardens,Mumbai,Maharashtra,INDIA,400076",DELIVER,Forward,-,-,"10, Jun 2019 05:30 AM","15, Jun 2019 06:20 AM","15, Jun 2019 06:50 AM",Prepaid,0.0,-,Not Dispatched,-,-,-,-,-,-,0.0,-,-,-,-,User_5829,0.0,0,10,-,-,-,-,0,-,-,5.777494430541992
Ord_7117881_test,Ord_9461320_test,Test Automation Client,Mumbai,Mumbai,"A901 Supreme Business Park,South Avenue,Near Hiranandani Gardens,Mumbai,Maharashtra,INDIA,400076",DELIVER,Forward,-,-,"10, Jun 2019 05:29 AM","15, Jun 2019 06:19 AM","15, Jun 2019 06:49 AM",Prepaid,0.0,-,Intransit,-,User_1934823,TRIP-9742,"15, Jun 2019 12:56 AM","15, Jun 2019 12:00 AM",-,20.71,-,"15, Jun 2019 12:00 AM","15, Jun 2019 12:56 AM",-,User_6907,0.0,0,10,-,-,-,-,0,-,-,18.998411178588867
Ord_3401236_test,Ord_WH_5414630368_test,Test Automation Client,Test Automation Client Main Branch,Test Automation Client Main Branch,"A901 Supreme Business Park,South Avenue,Near Hiranandani Gardens,Mumbai,Maharashtra,INDIA,400076",DELIVER,Forward,-,-,"10, Jun 2019 05:29 AM","15, Jun 2019 06:19 AM","15, Jun 2019 06:49 AM",Prepaid,0.0,-,Not Dispatched,-,-,-,-,-,-,0.0,-,-,-,-,User_3266,0.0,0,10,-,-,-,-,0,-,-,5.777494430541992
Ord_4867765_test,Ord_7946818_test,Test Automation Client,Mumbai,Mumbai,"A901 Supreme Business Park,South Avenue,Near Hiranandani Gardens,Mumbai,Maharashtra,INDIA,400076",DELIVER,Forward,-,-,"10, Jun 2019 05:21 AM","15, Jun 2019 06:11 AM","15, Jun 2019 06:41 AM",Prepaid,0.0,-,Not Dispatched,-,-,-,-,-,-,0.0,-,-,-,-,User_1780,0.0,0,10,-,-,-,-,0,-,-,18.998411178588867
Ord_5907755_test,ord_412277931232_test,Test Automation Client,Test Automation Client Main Branch,Test Automation Client Main Branch,"A901 Supreme Business Park,South Avenue,Near Hiranandani Gardens,Mumbai,Maharashtra,INDIA,400076",DELIVER,Forward,-,-,"10, Jun 2019 05:11 AM","15, Jun 2019 06:01 AM","15, Jun 2019 06:31 AM",Prepaid,0.0,-,Not Dispatched,-,-,-,-,-,-,0.0,-,-,-,-,User_5430,0.0,0,10,-,-,-,-,0,-,-,5.777494430541992
Ord_8887291_UPD,ord_144139552321_test,Test Automation Client,Test Automation Client Main Branch,Test Automation Client Main Branch,"A901 Supreme Business Park,South Avenue,Near Hiranandani Gardens,nullMumbai,400076",DELIVER,Forward,-,-,"10, Jun 2019 05:04 AM","15, Jun 2019 06:44 AM","15, Jun 2019 07:44 AM",Prepaid,65.0,-,Not Dispatched,-,-,-,-,-,-,0.0,-,-,-,-,User_1257,0.0,0,10,-,-,-,-,0,-,-,8.554
Ord_2286243_test,Ord_0489624_test,Test Automation Client,Mumbai,Mumbai,"A901 Supreme Business Park,South Avenue,Near Hiranandani Gardens,Mumbai,Maharashtra,INDIA,400076",DELIVER,Forward,-,-,"10, Jun 2019 05:04 AM","15, Jun 2019 05:54 AM","15, Jun 2019 06:24 AM",Prepaid,0.0,-,Not Dispatched,-,User_8946689,TRIP-9740,"15, Jun 2019 06:09 AM",-,-,20.712,-,"15, Jun 2019 05:13 AM","15, Jun 2019 06:09 AM",-,User_7147,0.0,0,10,-,-,-,-,0,-,-,18.998411178588867
Ord_9349703_test,Ord_5663489_test,Test Automation Client,Mumbai,Mumbai,"A901 Supreme Business Park,South Avenue,Near Hiranandani Gardens,Mumbai,Maharashtra,INDIA,400076",DELIVER,Forward,-,-,"10, Jun 2019 05:03 AM","15, Jun 2019 05:53 AM","15, Jun 2019 06:23 AM",Prepaid,0.0,-,Not Dispatched,-,User_9797357,TRIP-9738,"15, Jun 2019 06:08 AM",-,-,20.712,-,"15, Jun 2019 05:12 AM","15, Jun 2019 06:08 AM",-,User_8685,0.0,0,10,-,-,-,-,0,-,-,18.998411178588867
Ord_8414030_test,ord_039398358098_test,Test Automation Client,Test Automation Client Main Branch,Test Automation Client Main Branch,"A901 Supreme Business Park,South Avenue,Near Hiranandani Gardens,Mumbai,Maharashtra,INDIA,400076",DELIVER,Forward,-,-,"10, Jun 2019 05:03 AM","15, Jun 2019 05:53 AM","15, Jun 2019 06:23 AM",Prepaid,0.0,-,Not Dispatched,-,-,-,-,-,-,0.0,-,-,-,-,User_4679,0.0,0,10,-,-,-,-,0,-,-,0.676
Ord_1295540_test,Ord_3185762_test,Test Automation Client,Mumbai,Mumbai,"A901 Supreme Business Park,South Avenue,Near Hiranandani Gardens,Mumbai,Maharashtra,INDIA,400076",DELIVER,Forward,-,-,"10, Jun 2019 05:02 AM","15, Jun 2019 05:52 AM","15, Jun 2019 06:22 AM",Prepaid,0.0,-,Not Dispatched,-,User_2747992,TRIP-9736,"15, Jun 2019 06:07 AM",-,-,20.712,-,"15, Jun 2019 05:11 AM","15, Jun 2019 06:07 AM",-,User_6514,0.0,0,10,-,-,-,-,0,-,-,18.998411178588867
Ord_6571221_test,ord_971022456860_test,Test Automation Client,Test Automation Client Main Branch,Test Automation Client Main Branch,"A901 Supreme Business Park,South Avenue,Near Hiranandani Gardens,Mumbai,Maharashtra,INDIA,400076",DELIVER,Forward,-,-,"10, Jun 2019 04:59 AM","15, Jun 2019 05:49 AM","15, Jun 2019 06:19 AM",Prepaid,0.0,-,Not Dispatched,-,-,-,-,-,-,0.0,-,-,-,-,User_1506,0.0,0,10,-,-,-,-,0,-,-,0.676
Ord_5431272_test,Ord_1007568_test,Test Automation Client,Kolkata,Kolkata,"A901 Supreme Business Park,South Avenue,Near Hiranandani Gardens,Kolkata,Maharashtra,INDIA,400076",DELIVER,Forward,-,-,"10, Jun 2019 04:56 AM","15, Jun 2019 05:46 AM","15, Jun 2019 06:16 AM",Prepaid,0.0,500.0,Delivered,1,User_3670889,TRIP-9734,"16, Jun 2019 05:00 PM","14, Jun 2019 11:28 PM","14, Jun 2019 11:33 PM",2046.28,-,"14, Jun 2019 11:28 PM","16, Jun 2019 05:00 PM",5,User_0017,0.0,0,1,-,-,-,-,1,-,-,1656.144287109375
Ord_6487552_test,ord_930459807525_test,Test Automation Client,Test Automation Client Main Branch,Test Automation Client Main Branch,"A901 Supreme Business Park,South Avenue,Near Hiranandani Gardens,Mumbai,Maharashtra,INDIA,400076",DELIVER,Forward,-,-,"10, Jun 2019 04:54 AM","15, Jun 2019 05:44 AM","15, Jun 2019 06:14 AM",Prepaid,0.0,-,Not Dispatched,-,-,-,-,-,-,0.0,-,-,-,-,User_2383,0.0,0,10,-,-,-,-,0,-,-,0.676
Ord_4927711_File,OrdWallets_1375349_File,Account_Test,Mumbai,Mumbai,"A901 Supreme Business Park,South Avenue,Powai,Mumbai,Maharashtra,INDIA,400076",DELIVER,Forward,Delivery Boy,,"14, Jun 2019 11:08 PM","15, Jun 2019 12:13 AM","15, Jun 2019 12:43 AM",COD,2000.0,2000.0,Delivered,-,-,-,-,"14, Jun 2019 11:27 PM","14, Jun 2019 11:27 PM",0.0,-,-,-,0,User_2002,2000.0,0,6,4.0,500.0,-,-,1,-,-,18.998411178588867
Ord_3818528_test,ord_579974127917_test,Test Automation Client,Test Automation Client Main Branch,Test Automation Client Main Branch,"A901 Supreme Business Park,South Avenue,Near Hiranandani Gardens,Mumbai,Maharashtra,INDIA,400076",DELIVER,Forward,-,-,"10, Jun 2019 04:50 AM","15, Jun 2019 05:40 AM","15, Jun 2019 06:10 AM",Prepaid,0.0,-,Not Dispatched,-,User_705122346,TRIP-9730,"17, Jun 2019 05:35 AM",-,-,8.56,-,"17, Jun 2019 04:53 AM","17, Jun 2019 05:35 AM",-,User_0500,0.0,0,10,-,-,-,-,0,-,-,5.777494430541992
2960588,C2960588,Test Automation Client,Mumbai,Mumbai,"supreme business park,hiranandani,powai,Mumbai,SINGAPORE,400076",DELIVER,Forward,-,-,"02, Jun 2017 11:30 AM","14, Jun 2019 11:18 PM","14, Jun 2019 11:18 PM",Prepaid,0.0,0.0,Delivered,-,Auto2960588,TRIP-9731,"14, Jun 2019 11:30 PM","14, Jun 2019 11:19 PM","14, Jun 2019 11:19 PM",23.851,-,"14, Jun 2019 10:29 PM","14, Jun 2019 11:30 PM",0,2960588,0.0,0,1,-,-,-,-,1,-,-,16.876605987548828
Awb_2303796,ord_256603775248_test,Test Automation Client,Test Automation Client Main Branch,Test Automation Client Main Branch,"A901 Supreme Business Park,South Avenue,Powai,Near Hiranandani Gardens,Mumbai,Maharashtra,INDIA,400076",DELIVER,Forward,-,-,"14, Jun 2019 10:52 PM","14, Jun 2019 11:57 PM","15, Jun 2019 12:27 AM",COD,200.0,-,Not Dispatched,-,-,-,-,-,-,0.0,-,-,-,-,User_7272,0.0,0,2,10.0,10.1,-,-,0,-,-,0.42653268575668335
Ord_1702900_test,ord_368185315489_test,Test Automation Client,Test Automation Client Main Branch,Test Automation Client Main Branch,"A901 Supreme Business Park,South Avenue,Near Hiranandani Gardens,Mumbai,Maharashtra,INDIA,400076",DELIVER,Forward,-,-,"10, Jun 2019 04:26 AM","15, Jun 2019 05:16 AM","15, Jun 2019 05:46 AM",Prepaid,0.0,-,Not Dispatched,-,-,-,-,-,-,0.0,-,-,-,-,User_7247,0.0,0,10,-,-,-,-,0,-,-,5.777494430541992
Ord_3925158_test,ord_543849156800_test,Test Automation Client,Test Automation Client Main Branch,Test Automation Client Main Branch,"A901 Supreme Business Park,South Avenue,Near Hiranandani Gardens,Mumbai,Maharashtra,INDIA,400076",DELIVER,Forward,-,-,"10, Jun 2019 04:20 AM","15, Jun 2019 05:10 AM","15, Jun 2019 05:40 AM",Prepaid,0.0,-,Not Dispatched,-,-,-,-,-,-,0.0,-,-,-,-,User_5782,0.0,0,10,-,-,-,-,0,-,-,5.777494430541992
Ord_1491942_test,ord_345428466678_test,Test Automation Client,Test Automation Client Main Branch,Test Automation Client Main Branch,"A901 Supreme Business Park,South Avenue,Near Hiranandani Gardens,Mumbai,Maharashtra,INDIA,400076",DELIVER,Forward,-,-,"10, Jun 2019 04:19 AM","15, Jun 2019 05:09 AM","15, Jun 2019 05:39 AM",Prepaid,0.0,-,Not Dispatched,-,-,-,-,-,-,0.0,-,-,-,-,User_9530,0.0,0,10,-,-,-,-,0,-,-,5.777494430541992
Ord_3298077_File,Ord_3621378_File,Test Automation Client,Test Automation Client Main Branch,Test Automation Client Main Branch,"A901 Supreme Business Park,South Avenue,Powai,Mumbai,Maharashtra,INDIA,400076",DELIVER,Forward,Delivery Boy,,"14, Jun 2019 10:31 PM","14, Jun 2019 11:36 PM","15, Jun 2019 12:06 AM",COD,2000.0,-,Not Dispatched,-,-,-,-,-,-,0.0,-,-,-,-,User_4073,0.0,0,6,4.0,500.0,-,-,0,-,-,5.777494430541992
Ord_9296521_test,ord_317775476889_test,Test Automation Client,Test Automation Client Main Branch,Test Automation Client Main Branch,"A901 Supreme Business Park,South Avenue,Near Hiranandani Gardens,Mumbai,Maharashtra,INDIA,400076",DELIVER,Forward,-,-,"10, Jun 2019 04:13 AM","15, Jun 2019 05:03 AM","15, Jun 2019 05:33 AM",Prepaid,0.0,-,Not Dispatched,-,-,-,-,-,-,0.0,-,-,-,-,User_7441,0.0,0,10,-,-,-,-,0,-,-,5.777494430541992
Awb_2874566,ord_764247406674_test,Test Automation Client,Test Automation Client Main Branch,Test Automation Client Main Branch,"A901 Supreme Business Park,South Avenue,Powai,Near Hiranandani Gardens,Mumbai,Maharashtra,INDIA,400076",DELIVER,Forward,-,-,"14, Jun 2019 10:19 PM","14, Jun 2019 10:24 PM","14, Jun 2019 10:54 PM",COD,200.0,-,Not Dispatched,-,-,-,-,-,-,0.0,-,-,-,-,User_4656,0.0,0,2,10.0,10.1,-,-,0,-,-,0.739
Awb_2250313,ord_703570898582_test,Test Automation Client,Test Automation Client Main Branch,Test Automation Client Main Branch,"A901 Supreme Business Park,South Avenue,Powai,Near Hiranandani Gardens,Mumbai,Maharashtra,INDIA,400076",DELIVER,Forward,-,-,"14, Jun 2019 10:16 PM","14, Jun 2019 11:21 PM","14, Jun 2019 11:51 PM",COD,200.0,-,CANCELLED,-,-,-,-,"14, Jun 2019 10:40 PM","14, Jun 2019 10:40 PM",0.0,-,-,-,0,User_1193,0.0,0,2,10.0,10.1,-,Delivery Boy not available,0,-,-,0.42653268575668335
Ord_0939088_test,ord_524088378853_test,Test Automation Client,Test Automation Client Main Branch,Test Automation Client Main Branch,"A901 Supreme Business Park,South Avenue,Near Hiranandani Gardens,Mumbai,Maharashtra,INDIA,400076",DELIVER,Forward,-,-,"10, Jun 2019 04:06 AM","15, Jun 2019 04:56 AM","15, Jun 2019 05:26 AM",Prepaid,0.0,-,Not Dispatched,-,-,-,-,-,-,0.0,-,-,-,-,User_9160,0.0,0,10,-,-,-,-,0,-,-,5.777494430541992
Awb_8146693,ord_496544180817_test,Test Automation Client,Test Automation Client Main Branch,Test Automation Client Main Branch,"A901 Supreme Business Park,South Avenue,Powai,Near Hiranandani Gardens,Mumbai,Maharashtra,INDIA,400076",DELIVER,Forward,-,-,"14, Jun 2019 10:14 PM","14, Jun 2019 11:19 PM","14, Jun 2019 11:49 PM",COD,200.0,-,Attempted Delivery,-,-,-,-,"14, Jun 2019 10:37 PM","14, Jun 2019 10:37 PM",0.0,-,-,-,0,User_8901,0.0,0,2,10.0,10.1,-,No customer at delivery location,1,-,-,0.42653268575668335
Awb_1674997,ord_126265875101_test,Test Automation Client,Test Automation Client Main Branch,Test Automation Client Main Branch,"A901 Supreme Business Park,South Avenue,Powai,Near Hiranandani Gardens,Mumbai,Maharashtra,INDIA,400076",DELIVER,Forward,-,-,"14, Jun 2019 10:13 PM","14, Jun 2019 11:18 PM","14, Jun 2019 11:48 PM",COD,200.0,200.0,Delivered,-,-,-,-,"14, Jun 2019 10:36 PM","14, Jun 2019 10:36 PM",0.0,-,-,-,0,User_6644,200.0,0,2,10.0,10.1,-,-,1,-,-,0.42653268575668335
Awb_4458284,ord_633712726003_test,Test Automation Client,Test Automation Client Main Branch,Test Automation Client Main Branch,"A901 Supreme Business Park,South Avenue,Powai,Near Hiranandani Gardens,Mumbai,Maharashtra,INDIA,400076",DELIVER,Forward,-,-,"14, Jun 2019 10:11 PM","14, Jun 2019 10:16 PM","14, Jun 2019 10:46 PM",COD,200.0,-,Not Dispatched,-,-,-,-,-,-,0.0,-,-,-,-,User_2393,0.0,0,2,10.0,10.1,-,-,0,-,-,0.42653268575668335
Ord_1396168_test,Ord_4888351_test,Test Automation Client,Delhi,Delhi,"A901 Supreme Business Park,South Avenue,Near Hiranandani Gardens,Delhi,Maharashtra,INDIA,400076",DELIVER,Forward,-,-,"10, Jun 2019 04:00 AM","15, Jun 2019 04:50 AM","15, Jun 2019 05:20 AM",Prepaid,0.0,-,Intransit,-,User_2126843,TRIP-9723,"14, Jun 2019 10:58 PM","14, Jun 2019 10:31 PM",-,2.87,-,"14, Jun 2019 10:31 PM","14, Jun 2019 10:58 PM",-,User_2143,0.0,0,1,-,-,-,-,0,-,-,1.6686804294586182
Ord_0868780_test,Ord_7747162_test,Test Automation Client,Delhi,Delhi,"A901 Supreme Business Park,South Avenue,Near Hiranandani Gardens,Delhi,Maharashtra,INDIA,400076",DELIVER,Forward,-,-,"10, Jun 2019 03:57 AM","15, Jun 2019 04:47 AM","15, Jun 2019 05:17 AM",Prepaid,0.0,-,Intransit,-,User_9705321,TRIP-9721,"14, Jun 2019 10:56 PM","14, Jun 2019 10:28 PM",-,2.87,-,"14, Jun 2019 10:28 PM","14, Jun 2019 10:56 PM",-,User_3334,0.0,0,1,-,-,-,-,0,-,-,1.6686804294586182
Ord_1737324_test,Ord_4876227_test,Test Automation Client,Delhi,Delhi,"A901 Supreme Business Park,South Avenue,Near Hiranandani Gardens,Delhi,Maharashtra,INDIA,400076",DELIVER,Forward,-,-,"10, Jun 2019 03:54 AM","15, Jun 2019 04:44 AM","15, Jun 2019 05:14 AM",Prepaid,0.0,-,Intransit,-,User_6561055,TRIP-9719,"14, Jun 2019 10:53 PM","14, Jun 2019 10:26 PM",-,2.87,-,"14, Jun 2019 10:26 PM","14, Jun 2019 10:53 PM",-,User_2587,0.0,0,1,-,-,-,-,0,-,-,1.6686804294586182
Ord_0148894_test,Ord_2302433_test,Test Automation Client,Delhi,Delhi,"A901 Supreme Business Park,South Avenue,Near Hiranandani Gardens,Delhi,Maharashtra,INDIA,400076",DELIVER,Forward,-,-,"09, Jun 2019 10:33 PM","14, Jun 2019 11:23 PM","14, Jun 2019 11:53 PM",Prepaid,0.0,-,Not Dispatched,-,-,-,-,-,-,0.0,-,-,-,-,User_2923,0.0,0,1,-,-,-,-,0,-,-,1.6686804294586182
Ord_6902934_test,Ord_6266473_test,Test Automation Client,Mumbai,Mumbai,"A901 Supreme Business Park,South Avenue,Near Hiranandani Gardens,Mumbai,Maharashtra,INDIA,400076",DELIVER,Forward,-,-,"08, Jun 2019 07:49 PM","13, Jun 2019 08:39 PM","13, Jun 2019 09:09 PM",Prepaid,0.0,-,Intransit,-,User_1650343,TRIP-9715,"13, Jun 2019 03:16 PM","13, Jun 2019 02:20 PM",-,20.71,-,"13, Jun 2019 02:20 PM","13, Jun 2019 03:16 PM",-,User_7247,0.0,0,10,-,-,-,-,0,-,-,18.998411178588867
Ord_9934874_test,Ord_WH_1024825900_test,Test Automation Client,Test Automation Client Main Branch,Test Automation Client Main Branch,"A901 Supreme Business Park,South Avenue,Near Hiranandani Gardens,Mumbai,Maharashtra,INDIA,400076",DELIVER,Forward,-,-,"08, Jun 2019 07:47 PM","13, Jun 2019 08:37 PM","13, Jun 2019 09:07 PM",Prepaid,0.0,-,Not Dispatched,-,-,-,-,-,-,0.0,-,-,-,-,User_5888,0.0,0,10,-,-,-,-,0,-,-,5.777494430541992
Ord_5110893_test,Ord_8251896_test,Test Automation Client,Mumbai,Mumbai,"A901 Supreme Business Park,South Avenue,Near Hiranandani Gardens,Mumbai,Maharashtra,INDIA,400076",DELIVER,Forward,-,-,"08, Jun 2019 07:47 PM","13, Jun 2019 08:37 PM","13, Jun 2019 09:07 PM",Prepaid,0.0,-,Intransit,-,User_1237066,TRIP-9713,"13, Jun 2019 03:13 PM","13, Jun 2019 02:18 PM",-,20.71,-,"13, Jun 2019 02:18 PM","13, Jun 2019 03:13 PM",-,User_6967,0.0,0,10,-,-,-,-,0,-,-,18.998411178588867
Ord_5885260_test,Ord_WH_8704263211_test,Test Automation Client,Test Automation Client Main Branch,Test Automation Client Main Branch,"A901 Supreme Business Park,South Avenue,Near Hiranandani Gardens,Mumbai,Maharashtra,INDIA,400076",DELIVER,Forward,-,-,"08, Jun 2019 07:45 PM","13, Jun 2019 08:35 PM","13, Jun 2019 09:05 PM",Prepaid,0.0,-,Not Dispatched,-,-,-,-,-,-,0.0,-,-,-,-,User_4916,0.0,0,10,-,-,-,-,0,-,-,5.777494430541992
Ord_2212343_test,Ord_1515744_test,Test Automation Client,Mumbai,Mumbai,"A901 Supreme Business Park,South Avenue,Near Hiranandani Gardens,Mumbai,Maharashtra,INDIA,400076",DELIVER,Forward,-,-,"08, Jun 2019 07:45 PM","13, Jun 2019 08:35 PM","13, Jun 2019 09:05 PM",Prepaid,0.0,-,Intransit,-,User_3541905,TRIP-9711,"13, Jun 2019 03:11 PM","13, Jun 2019 02:16 PM",-,20.71,-,"13, Jun 2019 02:16 PM","13, Jun 2019 03:11 PM",-,User_4104,0.0,0,10,-,-,-,-,0,-,-,18.998411178588867
Ord_9596010_test,Ord_WH_9997391404_test,Test Automation Client,Test Automation Client Main Branch,Test Automation Client Main Branch,"A901 Supreme Business Park,South Avenue,Near Hiranandani Gardens,Mumbai,Maharashtra,INDIA,400076",DELIVER,Forward,-,-,"08, Jun 2019 07:44 PM","13, Jun 2019 08:34 PM","13, Jun 2019 09:04 PM",Prepaid,0.0,-,Not Dispatched,-,-,-,-,-,-,0.0,-,-,-,-,User_8725,0.0,0,10,-,-,-,-,0,-,-,5.777494430541992
Ord_7004092_test,Ord_7207481_test,Test Automation Client,Mumbai,Mumbai,"A901 Supreme Business Park,South Avenue,Near Hiranandani Gardens,Mumbai,Maharashtra,INDIA,400076",DELIVER,Forward,-,-,"08, Jun 2019 07:37 PM","13, Jun 2019 08:27 PM","13, Jun 2019 08:57 PM",Prepaid,0.0,-,Not Dispatched,-,-,-,-,-,-,0.0,-,-,-,-,User_7851,0.0,0,10,-,-,-,-,0,-,-,18.998411178588867
Ord_7783665_test,ord_979604119290_test,Test Automation Client,Test Automation Client Main Branch,Test Automation Client Main Branch,"A901 Supreme Business Park,South Avenue,Near Hiranandani Gardens,Mumbai,Maharashtra,INDIA,400076",DELIVER,Forward,-,-,"08, Jun 2019 07:28 PM","13, Jun 2019 08:18 PM","13, Jun 2019 08:48 PM",Prepaid,0.0,-,Not Dispatched,-,-,-,-,-,-,0.0,-,-,-,-,User_6812,0.0,0,10,-,-,-,-,0,-,-,5.777494430541992
Ord_7407939_test,ord_472386928852_test,Test Automation Client,Test Automation Client Main Branch,Test Automation Client Main Branch,"A901 Supreme Business Park,South Avenue,Near Hiranandani Gardens,Mumbai,Maharashtra,INDIA,400076",DELIVER,Forward,-,-,"08, Jun 2019 07:21 PM","13, Jun 2019 08:11 PM","13, Jun 2019 08:41 PM",Prepaid,0.0,-,Not Dispatched,-,-,-,-,-,-,0.0,-,-,-,-,User_2276,0.0,0,10,-,-,-,-,0,-,-,0.676
Ord_6421090_UPD,ord_076044347973_test,Test Automation Client,Test Automation Client Main Branch,Test Automation Client Main Branch,"A901 Supreme Business Park,South Avenue,Near Hiranandani Gardens,nullMumbai,400076",DELIVER,Forward,-,-,"08, Jun 2019 07:21 PM","13, Jun 2019 09:01 PM","13, Jun 2019 10:01 PM",Prepaid,65.0,-,Not Dispatched,-,-,-,-,-,-,0.0,-,-,-,-,User_1239,0.0,0,10,-,-,-,-,0,-,-,8.554
Ord_0498411_test,Ord_0901892_test,Test Automation Client,Mumbai,Mumbai,"A901 Supreme Business Park,South Avenue,Near Hiranandani Gardens,Mumbai,Maharashtra,INDIA,400076",DELIVER,Forward,-,-,"08, Jun 2019 07:20 PM","13, Jun 2019 08:10 PM","13, Jun 2019 08:40 PM",Prepaid,0.0,-,Not Dispatched,-,User_5290505,TRIP-9709,"13, Jun 2019 08:25 PM",-,-,20.712,-,"13, Jun 2019 07:29 PM","13, Jun 2019 08:25 PM",-,User_5469,0.0,0,10,-,-,-,-,0,-,-,18.998411178588867
Ord_1725989_test,Ord_1068520_test,Test Automation Client,Mumbai,Mumbai,"A901 Supreme Business Park,South Avenue,Near Hiranandani Gardens,Mumbai,Maharashtra,INDIA,400076",DELIVER,Forward,-,-,"08, Jun 2019 07:19 PM","13, Jun 2019 08:09 PM","13, Jun 2019 08:39 PM",Prepaid,0.0,-,Not Dispatched,-,User_7544222,TRIP-9707,"13, Jun 2019 08:24 PM",-,-,20.712,-,"13, Jun 2019 07:28 PM","13, Jun 2019 08:24 PM",-,User_6796,0.0,0,10,-,-,-,-,0,-,-,18.998411178588867
Ord_1328013_test,Ord_5993496_test,Test Automation Client,Mumbai,Mumbai,"A901 Supreme Business Park,South Avenue,Near Hiranandani Gardens,Mumbai,Maharashtra,INDIA,400076",DELIVER,Forward,-,-,"08, Jun 2019 07:18 PM","13, Jun 2019 08:08 PM","13, Jun 2019 08:38 PM",Prepaid,0.0,-,Not Dispatched,-,User_2585343,TRIP-9705,"13, Jun 2019 08:23 PM",-,-,20.712,-,"13, Jun 2019 07:28 PM","13, Jun 2019 08:23 PM",-,User_5099,0.0,0,10,-,-,-,-,0,-,-,18.998411178588867
Ord_1188730_test,ord_132137194439_test,Test Automation Client,Test Automation Client Main Branch,Test Automation Client Main Branch,"A901 Supreme Business Park,South Avenue,Near Hiranandani Gardens,Mumbai,Maharashtra,INDIA,400076",DELIVER,Forward,-,-,"08, Jun 2019 07:15 PM","13, Jun 2019 08:05 PM","13, Jun 2019 08:35 PM",Prepaid,0.0,-,Not Dispatched,-,-,-,-,-,-,0.0,-,-,-,-,User_1935,0.0,0,10,-,-,-,-,0,-,-,0.676
Ord_0096251_test,Ord_8611190_test,Test Automation Client,Kolkata,Kolkata,"A901 Supreme Business Park,South Avenue,Near Hiranandani Gardens,Kolkata,Maharashtra,INDIA,400076",DELIVER,Forward,-,-,"08, Jun 2019 07:13 PM","13, Jun 2019 08:03 PM","13, Jun 2019 08:33 PM",Prepaid,0.0,500.0,Delivered,1,User_5888102,TRIP-9703,"15, Jun 2019 07:17 AM","13, Jun 2019 01:44 PM","13, Jun 2019 01:49 PM",2046.29,-,"13, Jun 2019 01:44 PM","15, Jun 2019 07:17 AM",4,User_4549,0.0,0,1,-,-,-,-,1,-,-,1656.144287109375
Ord_8514578_test,ord_891897917515_test,Test Automation Client,Test Automation Client Main Branch,Test Automation Client Main Branch,"A901 Supreme Business Park,South Avenue,Near Hiranandani Gardens,Mumbai,Maharashtra,INDIA,400076",DELIVER,Forward,-,-,"08, Jun 2019 07:10 PM","13, Jun 2019 08:00 PM","13, Jun 2019 08:30 PM",Prepaid,0.0,-,Not Dispatched,-,-,-,-,-,-,0.0,-,-,-,-,User_0361,0.0,0,10,-,-,-,-,0,-,-,0.676
Ord_0162457_File,OrdWallets_2211430_File,Account_Test,Mumbai,Mumbai,"A901 Supreme Business Park,South Avenue,Powai,Mumbai,Maharashtra,INDIA,400076",DELIVER,Forward,Delivery Boy,,"13, Jun 2019 01:25 PM","13, Jun 2019 02:30 PM","13, Jun 2019 03:00 PM",COD,2000.0,2000.0,Delivered,-,-,-,-,"13, Jun 2019 01:44 PM","13, Jun 2019 01:44 PM",0.0,-,-,-,0,User_8096,2000.0,0,6,4.0,500.0,-,-,1,-,-,18.998411178588867
Ord_8047979_test,ord_092609225867_test,Test Automation Client,Test Automation Client Main Branch,Test Automation Client Main Branch,"A901 Supreme Business Park,South Avenue,Near Hiranandani Gardens,Mumbai,Maharashtra,INDIA,400076",DELIVER,Forward,-,-,"08, Jun 2019 07:07 PM","13, Jun 2019 07:57 PM","13, Jun 2019 08:27 PM",Prepaid,0.0,-,Not Dispatched,-,Auto6804284,TRIP-9699,"15, Jun 2019 07:52 PM",-,-,8.56,-,"15, Jun 2019 07:10 PM","15, Jun 2019 07:52 PM",-,User_5727,0.0,0,10,-,-,-,-,0,-,-,5.777494430541992
6804284,C6804284,Test Automation Client,Mumbai,Mumbai,"supreme business park,hiranandani,powai,Mumbai,SINGAPORE,400076",DELIVER,Forward,-,-,"02, Jun 2017 11:30 AM","13, Jun 2019 01:36 PM","13, Jun 2019 01:36 PM",Prepaid,0.0,0.0,Delivered,-,Auto6804284,TRIP-9700,"13, Jun 2019 01:48 PM","13, Jun 2019 01:37 PM","13, Jun 2019 01:37 PM",23.851,-,"13, Jun 2019 12:46 PM","13, Jun 2019 01:48 PM",0,6804284,0.0,0,1,-,-,-,-,1,-,-,16.876605987548828
Awb_2951643,ord_403377415263_test,Test Automation Client,Test Automation Client Main Branch,Test Automation Client Main Branch,"A901 Supreme Business Park,South Avenue,Powai,Near Hiranandani Gardens,Mumbai,Maharashtra,INDIA,400076",DELIVER,Forward,-,-,"13, Jun 2019 01:08 PM","13, Jun 2019 02:13 PM","13, Jun 2019 02:43 PM",COD,200.0,-,Not Dispatched,-,-,-,-,-,-,0.0,-,-,-,-,User_7272,0.0,0,2,10.0,10.1,-,-,0,-,-,0.42653268575668335
Ord_5002233_test,ord_089051846067_test,Test Automation Client,Test Automation Client Main Branch,Test Automation Client Main Branch,"A901 Supreme Business Park,South Avenue,Near Hiranandani Gardens,Mumbai,Maharashtra,INDIA,400076",DELIVER,Forward,-,-,"08, Jun 2019 06:46 PM","13, Jun 2019 07:36 PM","13, Jun 2019 08:06 PM",Prepaid,0.0,-,Not Dispatched,-,-,-,-,-,-,0.0,-,-,-,-,User_8780,0.0,0,10,-,-,-,-,0,-,-,5.777494430541992
Ord_8281398_test,ord_852584917258_test,Test Automation Client,Test Automation Client Main Branch,Test Automation Client Main Branch,"A901 Supreme Business Park,South Avenue,Near Hiranandani Gardens,Mumbai,Maharashtra,INDIA,400076",DELIVER,Forward,-,-,"08, Jun 2019 06:41 PM","13, Jun 2019 07:31 PM","13, Jun 2019 08:01 PM",Prepaid,0.0,-,Not Dispatched,-,-,-,-,-,-,0.0,-,-,-,-,User_3600,0.0,0,10,-,-,-,-,0,-,-,5.777494430541992
Ord_4816814_File,Ord_4059355_File,Test Automation Client,Test Automation Client Main Branch,Test Automation Client Main Branch,"A901 Supreme Business Park,South Avenue,Powai,Mumbai,Maharashtra,INDIA,400076",DELIVER,Forward,Delivery Boy,,"13, Jun 2019 12:56 PM","13, Jun 2019 02:01 PM","13, Jun 2019 02:31 PM",COD,2000.0,-,Not Dispatched,-,-,-,-,-,-,0.0,-,-,-,-,User_7725,0.0,0,6,4.0,500.0,-,-,0,-,-,5.777494430541992
Awb_4887888,ord_412142797460_test,Test Automation Client,Test Automation Client Main Branch,Test Automation Client Main Branch,"A901 Supreme Business Park,South Avenue,Powai,Near Hiranandani Gardens,Mumbai,Maharashtra,INDIA,400076",DELIVER,Forward,-,-,"13, Jun 2019 12:40 PM","13, Jun 2019 12:45 PM","13, Jun 2019 01:15 PM",COD,200.0,-,Not Dispatched,-,-,-,-,-,-,0.0,-,-,-,-,User_5237,0.0,0,2,10.0,10.1,-,-,0,-,-,0.739
Awb_6905089,ord_432391914449_test,Test Automation Client,Test Automation Client Main Branch,Test Automation Client Main Branch,"A901 Supreme Business Park,South Avenue,Powai,Near Hiranandani Gardens,Mumbai,Maharashtra,INDIA,400076",DELIVER,Forward,-,-,"13, Jun 2019 12:36 PM","13, Jun 2019 12:41 PM","13, Jun 2019 01:11 PM",COD,200.0,-,Not Dispatched,-,-,-,-,-,-,0.0,-,-,-,-,User_1976,0.0,0,2,10.0,10.1,-,-,0,-,-,0.42653268575668335
Awb_8204406,ord_402336411374_test,Test Automation Client,Test Automation Client Main Branch,Test Automation Client Main Branch,"A901 Supreme Business Park,South Avenue,Powai,Near Hiranandani Gardens,Mumbai,Maharashtra,INDIA,400076",DELIVER,Forward,-,-,"13, Jun 2019 12:36 PM","13, Jun 2019 01:41 PM","13, Jun 2019 02:11 PM",COD,200.0,-,CANCELLED,-,-,-,-,"13, Jun 2019 01:00 PM","13, Jun 2019 01:00 PM",0.0,-,-,-,0,User_8069,0.0,0,2,10.0,10.1,-,Delivery Boy not available,0,-,-,0.42653268575668335
Ord_8966900_test,ord_253127334749_test,Test Automation Client,Test Automation Client Main Branch,Test Automation Client Main Branch,"A901 Supreme Business Park,South Avenue,Near Hiranandani Gardens,Mumbai,Maharashtra,INDIA,400076",DELIVER,Forward,-,-,"08, Jun 2019 06:26 PM","13, Jun 2019 07:16 PM","13, Jun 2019 07:46 PM",Prepaid,0.0,-,Not Dispatched,-,-,-,-,-,-,0.0,-,-,-,-,User_6961,0.0,0,10,-,-,-,-,0,-,-,5.777494430541992
Awb_4638787,ord_464016426536_test,Test Automation Client,Test Automation Client Main Branch,Test Automation Client Main Branch,"A901 Supreme Business Park,South Avenue,Powai,Near Hiranandani Gardens,Mumbai,Maharashtra,INDIA,400076",DELIVER,Forward,-,-,"13, Jun 2019 12:33 PM","13, Jun 2019 01:38 PM","13, Jun 2019 02:08 PM",COD,200.0,-,Attempted Delivery,-,-,-,-,"13, Jun 2019 12:56 PM","13, Jun 2019 12:56 PM",0.0,-,-,-,0,User_9967,0.0,0,2,10.0,10.1,-,No customer at delivery location,1,-,-,0.42653268575668335
Awb_5509789,ord_864056277994_test,Test Automation Client,Test Automation Client Main Branch,Test Automation Client Main Branch,"A901 Supreme Business Park,South Avenue,Powai,Near Hiranandani Gardens,Mumbai,Maharashtra,INDIA,400076",DELIVER,Forward,-,-,"13, Jun 2019 12:33 PM","13, Jun 2019 01:38 PM","13, Jun 2019 02:08 PM",COD,200.0,200.0,Delivered,-,-,-,-,"13, Jun 2019 12:56 PM","13, Jun 2019 12:56 PM",0.0,-,-,-,0,User_8359,200.0,0,2,10.0,10.1,-,-,1,-,-,0.42653268575668335
Ord_8179841_test,Ord_1218724_test,Test Automation Client,Delhi,Delhi,"A901 Supreme Business Park,South Avenue,Near Hiranandani Gardens,Delhi,Maharashtra,INDIA,400076",DELIVER,Forward,-,-,"08, Jun 2019 06:20 PM","13, Jun 2019 07:10 PM","13, Jun 2019 07:40 PM",Prepaid,0.0,-,Intransit,-,User_0663715,TRIP-9692,"13, Jun 2019 01:19 PM","13, Jun 2019 12:51 PM",-,2.87,-,"13, Jun 2019 12:51 PM","13, Jun 2019 01:19 PM",-,User_4716,0.0,0,1,-,-,-,-,0,-,-,1.6686804294586182
Ord_3522300_test,Ord_3033782_test,Test Automation Client,Delhi,Delhi,"A901 Supreme Business Park,South Avenue,Near Hiranandani Gardens,Delhi,Maharashtra,INDIA,400076",DELIVER,Forward,-,-,"08, Jun 2019 06:17 PM","13, Jun 2019 07:07 PM","13, Jun 2019 07:37 PM",Prepaid,0.0,-,Intransit,-,User_6470106,TRIP-9690,"13, Jun 2019 01:16 PM","13, Jun 2019 12:49 PM",-,2.87,-,"13, Jun 2019 12:49 PM","13, Jun 2019 01:16 PM",-,User_3387,0.0,0,1,-,-,-,-,0,-,-,1.6686804294586182
Ord_4348237_test,Ord_4580856_test,Test Automation Client,Delhi,Delhi,"A901 Supreme Business Park,South Avenue,Near Hiranandani Gardens,Delhi,Maharashtra,INDIA,400076",DELIVER,Forward,-,-,"08, Jun 2019 06:14 PM","13, Jun 2019 07:04 PM","13, Jun 2019 07:34 PM",Prepaid,0.0,-,Intransit,-,User_9673353,TRIP-9688,"13, Jun 2019 01:13 PM","13, Jun 2019 12:46 PM",-,2.87,-,"13, Jun 2019 12:46 PM","13, Jun 2019 01:13 PM",-,User_7130,0.0,0,1,-,-,-,-,0,-,-,1.6686804294586182
Ord_0704066_test,Ord_5687532_test,Test Automation Client,Kolkata,Kolkata,"A901 Supreme Business Park,South Avenue,Near Hiranandani Gardens,Kolkata,Maharashtra,INDIA,400076",DELIVER,Forward,-,-,"08, Jun 2019 05:02 PM","13, Jun 2019 05:52 PM","13, Jun 2019 06:22 PM",Prepaid,0.0,-,Intransit,-,User_0560223,TRIP-9685,"15, Jun 2019 05:05 AM","13, Jun 2019 11:33 AM",-,2046.29,-,"13, Jun 2019 11:33 AM","15, Jun 2019 05:05 AM",-,User_8734,0.0,0,1,-,-,-,-,0,-,-,1656.144287109375
Awb_5078568,ord_829181824049_test,Test Automation Client,Test Automation Client Main Branch,Test Automation Client Main Branch,"A901 Supreme Business Park,South Avenue,Powai,Near Hiranandani Gardens,Mumbai,Maharashtra,INDIA,400076",DELIVER,Forward,-,-,"13, Jun 2019 10:10 AM","13, Jun 2019 11:15 AM","13, Jun 2019 11:45 AM",COD,200.0,-,Attempted Delivery,-,-,-,-,"13, Jun 2019 10:33 AM","13, Jun 2019 10:33 AM",0.0,-,-,-,0,User_0307,0.0,0,2,10.0,10.1,-,No customer at delivery location,1,-,-,0.42653268575668335
Awb_4623828,ord_391325138023_test,Test Automation Client,Test Automation Client Main Branch,Test Automation Client Main Branch,"A901 Supreme Business Park,South Avenue,Powai,Near Hiranandani Gardens,Mumbai,Maharashtra,INDIA,400076",DELIVER,Forward,-,-,"13, Jun 2019 10:10 AM","13, Jun 2019 11:15 AM","13, Jun 2019 11:45 AM",COD,200.0,200.0,Delivered,-,-,-,-,"13, Jun 2019 10:32 AM","13, Jun 2019 10:32 AM",0.0,-,-,-,0,User_7488,200.0,0,2,10.0,10.1,-,-,1,-,-,0.42653268575668335
Awb_8267078,ord_848134932570_test,Test Automation Client,Test Automation Client Main Branch,Test Automation Client Main Branch,"A901 Supreme Business Park,South Avenue,Powai,Near Hiranandani Gardens,Mumbai,Maharashtra,INDIA,400076",DELIVER,Forward,-,-,"13, Jun 2019 10:10 AM","13, Jun 2019 11:15 AM","13, Jun 2019 11:45 AM",COD,200.0,-,CANCELLED,-,-,-,-,"13, Jun 2019 10:32 AM","13, Jun 2019 10:32 AM",0.0,-,-,-,0,User_1486,0.0,0,2,10.0,10.1,-,Delivery Boy not available,0,-,-,0.42653268575668335
Ord_5347961_File,OrdWallets_0070972_File,Account_Test,Mumbai,Mumbai,"A901 Supreme Business Park,South Avenue,Powai,Mumbai,Maharashtra,INDIA,400076",DELIVER,Forward,Delivery Boy,,"13, Jun 2019 10:10 AM","13, Jun 2019 11:15 AM","13, Jun 2019 11:45 AM",COD,2000.0,2000.0,Delivered,-,-,-,-,"13, Jun 2019 10:31 AM","13, Jun 2019 10:31 AM",0.0,-,-,-,0,User_8056,2000.0,0,6,4.0,500.0,-,-,1,-,-,18.998411178588867
Awb_2924804,ord_033718592318_test,Test Automation Client,Test Automation Client Main Branch,Test Automation Client Main Branch,"A901 Supreme Business Park,South Avenue,Powai,Near Hiranandani Gardens,Mumbai,Maharashtra,INDIA,400076",DELIVER,Forward,-,-,"13, Jun 2019 09:53 AM","13, Jun 2019 10:58 AM","13, Jun 2019 11:28 AM",COD,200.0,-,Attempted Delivery,-,-,-,-,"13, Jun 2019 10:15 AM","13, Jun 2019 10:15 AM",0.0,-,-,-,0,User_7181,0.0,0,2,10.0,10.1,-,No customer at delivery location,1,-,-,0.42653268575668335
Awb_7716778,ord_749423252834_test,Test Automation Client,Test Automation Client Main Branch,Test Automation Client Main Branch,"A901 Supreme Business Park,South Avenue,Powai,Near Hiranandani Gardens,Mumbai,Maharashtra,INDIA,400076",DELIVER,Forward,-,-,"13, Jun 2019 09:37 AM","13, Jun 2019 09:38 AM","13, Jun 2019 09:45 AM",COD,200.0,200.0,Delivered,-,-,-,-,"13, Jun 2019 09:44 AM","13, Jun 2019 09:44 AM",0.0,-,-,-,0,User_1414,200.0,0,2,10.0,10.1,-,-,1,-,-,0.42653268575668335
Ord_8572401_test,Ord_8825042_test,Test Automation Client,Mumbai,Mumbai,"A901 Supreme Business Park,South Avenue,Near Hiranandani Gardens,Mumbai,Maharashtra,INDIA,400076",DELIVER,Forward,-,-,"08, Jun 2019 08:27 AM","13, Jun 2019 09:17 AM","13, Jun 2019 09:47 AM",Prepaid,0.0,-,Intransit,-,User_2232305,TRIP-9683,"13, Jun 2019 03:54 AM","13, Jun 2019 02:58 AM",-,20.71,-,"13, Jun 2019 02:58 AM","13, Jun 2019 03:54 AM",-,User_8337,0.0,0,10,-,-,-,-,0,-,-,18.998411178588867
Ord_1204852_test,Ord_WH_8620782298_test,Test Automation Client,Test Automation Client Main Branch,Test Automation Client Main Branch,"A901 Supreme Business Park,South Avenue,Near Hiranandani Gardens,Mumbai,Maharashtra,INDIA,400076",DELIVER,Forward,-,-,"08, Jun 2019 08:27 AM","13, Jun 2019 09:17 AM","13, Jun 2019 09:47 AM",Prepaid,0.0,-,Not Dispatched,-,-,-,-,-,-,0.0,-,-,-,-,User_8469,0.0,0,10,-,-,-,-,0,-,-,5.777494430541992
Ord_2510481_test,Ord_4023724_test,Test Automation Client,Mumbai,Mumbai,"A901 Supreme Business Park,South Avenue,Near Hiranandani Gardens,Mumbai,Maharashtra,INDIA,400076",DELIVER,Forward,-,-,"08, Jun 2019 08:25 AM","13, Jun 2019 09:15 AM","13, Jun 2019 09:45 AM",Prepaid,0.0,-,Intransit,-,User_9980749,TRIP-9681,"13, Jun 2019 03:52 AM","13, Jun 2019 02:56 AM",-,20.71,-,"13, Jun 2019 02:56 AM","13, Jun 2019 03:52 AM",-,User_7939,0.0,0,10,-,-,-,-,0,-,-,18.998411178588867
Ord_5188045_test,Ord_WH_4305088395_test,Test Automation Client,Test Automation Client Main Branch,Test Automation Client Main Branch,"A901 Supreme Business Park,South Avenue,Near Hiranandani Gardens,Mumbai,Maharashtra,INDIA,400076",DELIVER,Forward,-,-,"08, Jun 2019 08:25 AM","13, Jun 2019 09:15 AM","13, Jun 2019 09:45 AM",Prepaid,0.0,-,Not Dispatched,-,-,-,-,-,-,0.0,-,-,-,-,User_2419,0.0,0,10,-,-,-,-,0,-,-,5.777494430541992
Ord_8056130_test,Ord_3823625_test,Test Automation Client,Mumbai,Mumbai,"A901 Supreme Business Park,South Avenue,Near Hiranandani Gardens,Mumbai,Maharashtra,INDIA,400076",DELIVER,Forward,-,-,"08, Jun 2019 08:24 AM","13, Jun 2019 09:14 AM","13, Jun 2019 09:44 AM",Prepaid,0.0,-,Intransit,-,User_1591827,TRIP-9679,"13, Jun 2019 03:50 AM","13, Jun 2019 02:54 AM",-,20.71,-,"13, Jun 2019 02:54 AM","13, Jun 2019 03:50 AM",-,User_3375,0.0,0,10,-,-,-,-,0,-,-,18.998411178588867
Ord_6955891_test,Ord_WH_9035842402_test,Test Automation Client,Test Automation Client Main Branch,Test Automation Client Main Branch,"A901 Supreme Business Park,South Avenue,Near Hiranandani Gardens,Mumbai,Maharashtra,INDIA,400076",DELIVER,Forward,-,-,"08, Jun 2019 08:23 AM","13, Jun 2019 09:13 AM","13, Jun 2019 09:43 AM",Prepaid,0.0,-,Not Dispatched,-,-,-,-,-,-,0.0,-,-,-,-,User_0748,0.0,0,10,-,-,-,-,0,-,-,5.777494430541992
Ord_0799266_test,Ord_2689397_test,Test Automation Client,Mumbai,Mumbai,"A901 Supreme Business Park,South Avenue,Near Hiranandani Gardens,Mumbai,Maharashtra,INDIA,400076",DELIVER,Forward,-,-,"08, Jun 2019 08:16 AM","13, Jun 2019 09:06 AM","13, Jun 2019 09:36 AM",Prepaid,0.0,-,Not Dispatched,-,-,-,-,-,-,0.0,-,-,-,-,User_0169,0.0,0,10,-,-,-,-,0,-,-,18.998411178588867
Ord_9308189_test,Ord_0447982_test,Test Automation Client,Kolkata,Kolkata,"A901 Supreme Business Park,South Avenue,Near Hiranandani Gardens,Kolkata,Maharashtra,INDIA,400076",DELIVER,Forward,-,-,"08, Jun 2019 08:06 AM","13, Jun 2019 08:56 AM","13, Jun 2019 09:26 AM",Prepaid,0.0,-,Intransit,-,User_3671064,TRIP-9677,"14, Jun 2019 08:10 PM","13, Jun 2019 02:37 AM",-,2046.29,-,"13, Jun 2019 02:37 AM","14, Jun 2019 08:10 PM",-,User_0153,0.0,0,1,-,-,-,-,0,-,-,1656.144287109375
Ord_4253182_test,ord_904877781272_test,Test Automation Client,Test Automation Client Main Branch,Test Automation Client Main Branch,"A901 Supreme Business Park,South Avenue,Near Hiranandani Gardens,Mumbai,Maharashtra,INDIA,400076",DELIVER,Forward,-,-,"08, Jun 2019 08:03 AM","13, Jun 2019 08:53 AM","13, Jun 2019 09:23 AM",Prepaid,0.0,-,Not Dispatched,-,-,-,-,-,-,0.0,-,-,-,-,User_4202,0.0,0,10,-,-,-,-,0,-,-,5.777494430541992
Ord_2276847_test,Ord_9792776_test,Test Automation Client,Kolkata,Kolkata,"A901 Supreme Business Park,South Avenue,Near Hiranandani Gardens,Kolkata,Maharashtra,INDIA,400076",DELIVER,Forward,-,-,"08, Jun 2019 07:56 AM","13, Jun 2019 08:46 AM","13, Jun 2019 09:16 AM",Prepaid,0.0,-,Intransit,-,User_9174326,TRIP-9675,"14, Jun 2019 08:00 PM","13, Jun 2019 02:28 AM",-,2046.29,-,"13, Jun 2019 02:28 AM","14, Jun 2019 08:00 PM",-,User_7245,0.0,0,1,-,-,-,-,0,-,-,1656.144287109375
Ord_7330287_UPD,ord_007119070583_test,Test Automation Client,Test Automation Client Main Branch,Test Automation Client Main Branch,"A901 Supreme Business Park,South Avenue,Near Hiranandani Gardens,nullMumbai,400076",DELIVER,Forward,-,-,"08, Jun 2019 07:56 AM","13, Jun 2019 09:36 AM","13, Jun 2019 10:36 AM",Prepaid,65.0,-,Not Dispatched,-,-,-,-,-,-,0.0,-,-,-,-,User_7973,0.0,0,10,-,-,-,-,0,-,-,8.554
Ord_7567064_test,Ord_0986878_test,Test Automation Client,Mumbai,Mumbai,"A901 Supreme Business Park,South Avenue,Near Hiranandani Gardens,Mumbai,Maharashtra,INDIA,400076",DELIVER,Forward,-,-,"08, Jun 2019 07:55 AM","13, Jun 2019 08:45 AM","13, Jun 2019 09:15 AM",Prepaid,0.0,-,Not Dispatched,-,User_8014995,TRIP-9673,"13, Jun 2019 09:00 AM",-,-,20.712,-,"13, Jun 2019 08:05 AM","13, Jun 2019 09:00 AM",-,User_7100,0.0,0,10,-,-,-,-,0,-,-,18.998411178588867
Ord_3736030_test,Ord_1352967_test,Test Automation Client,Mumbai,Mumbai,"A901 Supreme Business Park,South Avenue,Near Hiranandani Gardens,Mumbai,Maharashtra,INDIA,400076",DELIVER,Forward,-,-,"08, Jun 2019 07:55 AM","13, Jun 2019 08:45 AM","13, Jun 2019 09:15 AM",Prepaid,0.0,-,Not Dispatched,-,User_4118159,TRIP-9671,"13, Jun 2019 09:00 AM",-,-,20.712,-,"13, Jun 2019 08:04 AM","13, Jun 2019 09:00 AM",-,User_4591,0.0,0,10,-,-,-,-,0,-,-,18.998411178588867
Ord_8580048_test,Ord_7977541_test,Test Automation Client,Mumbai,Mumbai,"A901 Supreme Business Park,South Avenue,Near Hiranandani Gardens,Mumbai,Maharashtra,INDIA,400076",DELIVER,Forward,-,-,"08, Jun 2019 07:54 AM","13, Jun 2019 08:44 AM","13, Jun 2019 09:14 AM",Prepaid,0.0,-,Not Dispatched,-,User_2315254,TRIP-9669,"13, Jun 2019 08:59 AM",-,-,20.712,-,"13, Jun 2019 08:03 AM","13, Jun 2019 08:59 AM",-,User_0708,0.0,0,10,-,-,-,-,0,-,-,18.998411178588867
Ord_0276756_test,ord_484103001664_test,Test Automation Client,Test Automation Client Main Branch,Test Automation Client Main Branch,"A901 Supreme Business Park,South Avenue,Near Hiranandani Gardens,Mumbai,Maharashtra,INDIA,400076",DELIVER,Forward,-,-,"08, Jun 2019 07:54 AM","13, Jun 2019 08:44 AM","13, Jun 2019 09:14 AM",Prepaid,0.0,-,Not Dispatched,-,-,-,-,-,-,0.0,-,-,-,-,User_5245,0.0,0,10,-,-,-,-,0,-,-,0.676
Ord_3841909_test,ord_311452054957_test,Test Automation Client,Test Automation Client Main Branch,Test Automation Client Main Branch,"A901 Supreme Business Park,South Avenue,Near Hiranandani Gardens,Mumbai,Maharashtra,INDIA,400076",DELIVER,Forward,-,-,"08, Jun 2019 07:50 AM","13, Jun 2019 08:40 AM","13, Jun 2019 09:10 AM",Prepaid,0.0,-,Not Dispatched,-,-,-,-,-,-,0.0,-,-,-,-,User_7202,0.0,0,10,-,-,-,-,0,-,-,0.676
Ord_4161743_test,Ord_4334384_test,Test Automation Client,Kolkata,Kolkata,"A901 Supreme Business Park,South Avenue,Near Hiranandani Gardens,Kolkata,Maharashtra,INDIA,400076",DELIVER,Forward,-,-,"08, Jun 2019 07:46 AM","13, Jun 2019 08:36 AM","13, Jun 2019 09:06 AM",Prepaid,0.0,-,Intransit,-,User_8243666,TRIP-9667,"14, Jun 2019 07:50 PM","13, Jun 2019 02:18 AM",-,2046.29,-,"13, Jun 2019 02:18 AM","14, Jun 2019 07:50 PM",-,User_9950,0.0,0,1,-,-,-,-,0,-,-,1656.144287109375
Ord_2274638_test,ord_976531330781_test,Test Automation Client,Test Automation Client Main Branch,Test Automation Client Main Branch,"A901 Supreme Business Park,South Avenue,Near Hiranandani Gardens,Mumbai,Maharashtra,INDIA,400076",DELIVER,Forward,-,-,"08, Jun 2019 07:46 AM","13, Jun 2019 08:36 AM","13, Jun 2019 09:06 AM",Prepaid,0.0,-,Not Dispatched,-,-,-,-,-,-,0.0,-,-,-,-,User_2707,0.0,0,10,-,-,-,-,0,-,-,0.676
Ord_0279444_File,OrdWallets_7540702_File,Account_Test,Mumbai,Mumbai,"A901 Supreme Business Park,South Avenue,Powai,Mumbai,Maharashtra,INDIA,400076",DELIVER,Forward,Delivery Boy,,"13, Jun 2019 02:01 AM","13, Jun 2019 03:06 AM","13, Jun 2019 03:36 AM",COD,2000.0,2000.0,Delivered,-,-,-,-,"13, Jun 2019 02:19 AM","13, Jun 2019 02:19 AM",0.0,-,-,-,0,User_9683,2000.0,0,6,4.0,500.0,-,-,1,-,-,18.998411178588867
Ord_8360255_test,ord_293562903780_test,Test Automation Client,Test Automation Client Main Branch,Test Automation Client Main Branch,"A901 Supreme Business Park,South Avenue,Near Hiranandani Gardens,Mumbai,Maharashtra,INDIA,400076",DELIVER,Forward,-,-,"08, Jun 2019 07:43 AM","13, Jun 2019 08:33 AM","13, Jun 2019 09:03 AM",Prepaid,0.0,-,Not Dispatched,-,User_299006065,TRIP-9664,"15, Jun 2019 08:28 AM",-,-,8.56,-,"15, Jun 2019 07:46 AM","15, Jun 2019 08:28 AM",-,User_8235,0.0,0,10,-,-,-,-,0,-,-,5.777494430541992
8156700,C8156700,Test Automation Client,Mumbai,Mumbai,"supreme business park,hiranandani,powai,Mumbai,SINGAPORE,400076",DELIVER,Forward,-,-,"02, Jun 2017 11:30 AM","13, Jun 2019 02:13 AM","13, Jun 2019 02:13 AM",Prepaid,0.0,0.0,Delivered,-,Auto8156700,TRIP-9665,"13, Jun 2019 02:25 AM","13, Jun 2019 02:13 AM","13, Jun 2019 02:13 AM",23.851,-,"13, Jun 2019 01:23 AM","13, Jun 2019 02:25 AM",0,8156700,0.0,0,1,-,-,-,-,1,-,-,16.876605987548828
Awb_7808632,ord_805122294445_test,Test Automation Client,Test Automation Client Main Branch,Test Automation Client Main Branch,"A901 Supreme Business Park,South Avenue,Powai,Near Hiranandani Gardens,Mumbai,Maharashtra,INDIA,400076",DELIVER,Forward,-,-,"13, Jun 2019 01:45 AM","13, Jun 2019 02:50 AM","13, Jun 2019 03:20 AM",COD,200.0,-,Not Dispatched,-,-,-,-,-,-,0.0,-,-,-,-,User_4113,0.0,0,2,10.0,10.1,-,-,0,-,-,0.42653268575668335
Ord_1787789_test,ord_366691251212_test,Test Automation Client,Test Automation Client Main Branch,Test Automation Client Main Branch,"A901 Supreme Business Park,South Avenue,Near Hiranandani Gardens,Mumbai,Maharashtra,INDIA,400076",DELIVER,Forward,-,-,"08, Jun 2019 07:19 AM","13, Jun 2019 08:09 AM","13, Jun 2019 08:39 AM",Prepaid,0.0,-,Not Dispatched,-,-,-,-,-,-,0.0,-,-,-,-,User_5736,0.0,0,10,-,-,-,-,0,-,-,5.777494430541992
Ord_4654423_test,ord_716776630072_test,Test Automation Client,Test Automation Client Main Branch,Test Automation Client Main Branch,"A901 Supreme Business Park,South Avenue,Near Hiranandani Gardens,Mumbai,Maharashtra,INDIA,400076",DELIVER,Forward,-,-,"08, Jun 2019 07:14 AM","13, Jun 2019 08:04 AM","13, Jun 2019 08:34 AM",Prepaid,0.0,-,Not Dispatched,-,-,-,-,-,-,0.0,-,-,-,-,User_9073,0.0,0,10,-,-,-,-,0,-,-,5.777494430541992
Ord_6077520_File,Ord_8607747_File,Test Automation Client,Test Automation Client Main Branch,Test Automation Client Main Branch,"A901 Supreme Business Park,South Avenue,Powai,Mumbai,Maharashtra,INDIA,400076",DELIVER,Forward,Delivery Boy,,"13, Jun 2019 01:27 AM","13, Jun 2019 02:32 AM","13, Jun 2019 03:02 AM",COD,2000.0,-,Not Dispatched,-,-,-,-,-,-,0.0,-,-,-,-,User_9857,0.0,0,6,4.0,500.0,-,-,0,-,-,5.777494430541992
Awb_3750476,ord_872796121588_test,Test Automation Client,Test Automation Client Main Branch,Test Automation Client Main Branch,"A901 Supreme Business Park,South Avenue,Powai,Near Hiranandani Gardens,Mumbai,Maharashtra,INDIA,400076",DELIVER,Forward,-,-,"13, Jun 2019 01:12 AM","13, Jun 2019 02:17 AM","13, Jun 2019 02:47 AM",COD,200.0,-,CANCELLED,-,-,-,-,"13, Jun 2019 01:38 AM","13, Jun 2019 01:38 AM",0.0,-,-,-,0,User_2430,0.0,0,2,10.0,10.1,-,Delivery Boy not available,0,-,-,0.42653268575668335
Awb_0254382,ord_055767473704_test,Test Automation Client,Test Automation Client Main Branch,Test Automation Client Main Branch,"A901 Supreme Business Park,South Avenue,Powai,Near Hiranandani Gardens,Mumbai,Maharashtra,INDIA,400076",DELIVER,Forward,-,-,"13, Jun 2019 12:58 AM","13, Jun 2019 02:03 AM","13, Jun 2019 02:33 AM",COD,200.0,-,CANCELLED,-,-,-,-,"13, Jun 2019 01:22 AM","13, Jun 2019 01:22 AM",0.0,-,-,-,0,User_7025,0.0,0,2,10.0,10.1,-,Delivery Boy not available,0,-,-,0.42653268575668335
Ord_8993241_test,ord_121133808396_test,Test Automation Client,Test Automation Client Main Branch,Test Automation Client Main Branch,"A901 Supreme Business Park,South Avenue,Near Hiranandani Gardens,Mumbai,Maharashtra,INDIA,400076",DELIVER,Forward,-,-,"08, Jun 2019 06:42 AM","13, Jun 2019 07:32 AM","13, Jun 2019 08:02 AM",Prepaid,0.0,-,Not Dispatched,-,-,-,-,-,-,0.0,-,-,-,-,User_9874,0.0,0,10,-,-,-,-,0,-,-,5.777494430541992
Awb_3303433,ord_648348666173_test,Test Automation Client,Test Automation Client Main Branch,Test Automation Client Main Branch,"A901 Supreme Business Park,South Avenue,Powai,Near Hiranandani Gardens,Mumbai,Maharashtra,INDIA,400076",DELIVER,Forward,-,-,"13, Jun 2019 12:49 AM","13, Jun 2019 12:54 AM","13, Jun 2019 01:24 AM",COD,200.0,-,Not Dispatched,-,-,-,-,-,-,0.0,-,-,-,-,User_8213,0.0,0,2,10.0,10.1,-,-,0,-,-,0.739
Awb_3551640,ord_560065330304_test,Test Automation Client,Test Automation Client Main Branch,Test Automation Client Main Branch,"A901 Supreme Business Park,South Avenue,Powai,Near Hiranandani Gardens,Mumbai,Maharashtra,INDIA,400076",DELIVER,Forward,-,-,"13, Jun 2019 12:45 AM","13, Jun 2019 01:50 AM","13, Jun 2019 02:20 AM",COD,200.0,-,CANCELLED,-,-,-,-,"13, Jun 2019 01:09 AM","13, Jun 2019 01:09 AM",0.0,-,-,-,0,User_3112,0.0,0,2,10.0,10.1,-,Delivery Boy not available,0,-,-,0.42653268575668335
Ord_3697499_test,ord_393973062792_test,Test Automation Client,Test Automation Client Main Branch,Test Automation Client Main Branch,"A901 Supreme Business Park,South Avenue,Near Hiranandani Gardens,Mumbai,Maharashtra,INDIA,400076",DELIVER,Forward,-,-,"08, Jun 2019 06:35 AM","13, Jun 2019 07:25 AM","13, Jun 2019 07:55 AM",Prepaid,0.0,-,Not Dispatched,-,-,-,-,-,-,0.0,-,-,-,-,User_3442,0.0,0,10,-,-,-,-,0,-,-,5.777494430541992
Awb_1053340,ord_883125833260_test,Test Automation Client,Test Automation Client Main Branch,Test Automation Client Main Branch,"A901 Supreme Business Park,South Avenue,Powai,Near Hiranandani Gardens,Mumbai,Maharashtra,INDIA,400076",DELIVER,Forward,-,-,"13, Jun 2019 12:43 AM","13, Jun 2019 01:48 AM","13, Jun 2019 02:18 AM",COD,200.0,-,Attempted Delivery,-,-,-,-,"13, Jun 2019 01:06 AM","13, Jun 2019 01:06 AM",0.0,-,-,-,0,User_6022,0.0,0,2,10.0,10.1,-,No customer at delivery location,1,-,-,0.42653268575668335
Awb_7244278,ord_201955174745_test,Test Automation Client,Test Automation Client Main Branch,Test Automation Client Main Branch,"A901 Supreme Business Park,South Avenue,Powai,Near Hiranandani Gardens,Mumbai,Maharashtra,INDIA,400076",DELIVER,Forward,-,-,"13, Jun 2019 12:43 AM","13, Jun 2019 01:48 AM","13, Jun 2019 02:18 AM",COD,200.0,200.0,Delivered,-,-,-,-,"13, Jun 2019 01:05 AM","13, Jun 2019 01:05 AM",0.0,-,-,-,0,User_2213,200.0,0,2,10.0,10.1,-,-,1,-,-,0.42653268575668335
Awb_6912617,ord_431599868697_test,Test Automation Client,Test Automation Client Main Branch,Test Automation Client Main Branch,"A901 Supreme Business Park,South Avenue,Powai,Near Hiranandani Gardens,Mumbai,Maharashtra,INDIA,400076",DELIVER,Forward,-,-,"13, Jun 2019 12:40 AM","13, Jun 2019 12:45 AM","13, Jun 2019 01:15 AM",COD,200.0,-,Not Dispatched,-,-,-,-,-,-,0.0,-,-,-,-,User_2143,0.0,0,2,10.0,10.1,-,-,0,-,-,0.42653268575668335
Ord_3723089_test,Ord_7040553_test,Test Automation Client,Delhi,Delhi,"A901 Supreme Business Park,South Avenue,Near Hiranandani Gardens,Delhi,Maharashtra,INDIA,400076",DELIVER,Forward,-,-,"08, Jun 2019 06:29 AM","13, Jun 2019 07:19 AM","13, Jun 2019 07:49 AM",Prepaid,0.0,-,Intransit,-,User_7667192,TRIP-9656,"13, Jun 2019 01:28 AM","13, Jun 2019 01:00 AM",-,2.87,-,"13, Jun 2019 01:00 AM","13, Jun 2019 01:28 AM",-,User_8794,0.0,0,1,-,-,-,-,0,-,-,1.6686804294586182
Ord_3570330_test,Ord_1996297_test,Test Automation Client,Delhi,Delhi,"A901 Supreme Business Park,South Avenue,Near Hiranandani Gardens,Delhi,Maharashtra,INDIA,400076",DELIVER,Forward,-,-,"08, Jun 2019 06:26 AM","13, Jun 2019 07:16 AM","13, Jun 2019 07:46 AM",Prepaid,0.0,-,Intransit,-,User_8078955,TRIP-9654,"13, Jun 2019 01:25 AM","13, Jun 2019 12:58 AM",-,2.87,-,"13, Jun 2019 12:58 AM","13, Jun 2019 01:25 AM",-,User_4262,0.0,0,1,-,-,-,-,0,-,-,1.6686804294586182
Ord_1938557_test,Ord_4017770_test,Test Automation Client,Delhi,Delhi,"A901 Supreme Business Park,South Avenue,Near Hiranandani Gardens,Delhi,Maharashtra,INDIA,400076",DELIVER,Forward,-,-,"08, Jun 2019 06:24 AM","13, Jun 2019 07:14 AM","13, Jun 2019 07:44 AM",Prepaid,0.0,-,Intransit,-,User_7113548,TRIP-9652,"13, Jun 2019 01:22 AM","13, Jun 2019 12:55 AM",-,2.87,-,"13, Jun 2019 12:55 AM","13, Jun 2019 01:22 AM",-,User_0699,0.0,0,1,-,-,-,-,0,-,-,1.6686804294586182
Ord_9400207_test,Ord_0774649_test,Test Automation Client,Mumbai,Mumbai,"A901 Supreme Business Park,South Avenue,Near Hiranandani Gardens,Mumbai,Maharashtra,INDIA,400076",DELIVER,Forward,-,-,"08, Jun 2019 05:59 AM","13, Jun 2019 06:49 AM","13, Jun 2019 07:19 AM",Prepaid,0.0,-,Intransit,-,User_7124760,TRIP-9649,"13, Jun 2019 01:25 AM","13, Jun 2019 12:29 AM",-,20.71,-,"13, Jun 2019 12:29 AM","13, Jun 2019 01:25 AM",-,User_5481,0.0,0,10,-,-,-,-,0,-,-,18.998411178588867
Ord_7137916_test,Ord_WH_5745856575_test,Test Automation Client,Test Automation Client Main Branch,Test Automation Client Main Branch,"A901 Supreme Business Park,South Avenue,Near Hiranandani Gardens,Mumbai,Maharashtra,INDIA,400076",DELIVER,Forward,-,-,"08, Jun 2019 05:58 AM","13, Jun 2019 06:48 AM","13, Jun 2019 07:18 AM",Prepaid,0.0,-,Not Dispatched,-,-,-,-,-,-,0.0,-,-,-,-,User_2108,0.0,0,10,-,-,-,-,0,-,-,5.777494430541992
Ord_9648498_test,Ord_9797491_test,Test Automation Client,Mumbai,Mumbai,"A901 Supreme Business Park,South Avenue,Near Hiranandani Gardens,Mumbai,Maharashtra,INDIA,400076",DELIVER,Forward,-,-,"08, Jun 2019 05:57 AM","13, Jun 2019 06:47 AM","13, Jun 2019 07:17 AM",Prepaid,0.0,-,Intransit,-,User_9949091,TRIP-9647,"13, Jun 2019 01:23 AM","13, Jun 2019 12:27 AM",-,20.71,-,"13, Jun 2019 12:27 AM","13, Jun 2019 01:23 AM",-,User_4583,0.0,0,10,-,-,-,-,0,-,-,18.998411178588867
Ord_2842292_test,Ord_WH_4086514757_test,Test Automation Client,Test Automation Client Main Branch,Test Automation Client Main Branch,"A901 Supreme Business Park,South Avenue,Near Hiranandani Gardens,Mumbai,Maharashtra,INDIA,400076",DELIVER,Forward,-,-,"08, Jun 2019 05:56 AM","13, Jun 2019 06:46 AM","13, Jun 2019 07:16 AM",Prepaid,0.0,-,Not Dispatched,-,-,-,-,-,-,0.0,-,-,-,-,User_9613,0.0,0,10,-,-,-,-,0,-,-,5.777494430541992
Ord_3260948_test,Ord_2539735_test,Test Automation Client,Mumbai,Mumbai,"A901 Supreme Business Park,South Avenue,Near Hiranandani Gardens,Mumbai,Maharashtra,INDIA,400076",DELIVER,Forward,-,-,"08, Jun 2019 05:55 AM","13, Jun 2019 06:45 AM","13, Jun 2019 07:15 AM",Prepaid,0.0,-,Intransit,-,User_0368810,TRIP-9645,"13, Jun 2019 01:21 AM","13, Jun 2019 12:25 AM",-,20.71,-,"13, Jun 2019 12:25 AM","13, Jun 2019 01:21 AM",-,User_7239,0.0,0,10,-,-,-,-,0,-,-,18.998411178588867
Ord_9589391_test,Ord_WH_0638174255_test,Test Automation Client,Test Automation Client Main Branch,Test Automation Client Main Branch,"A901 Supreme Business Park,South Avenue,Near Hiranandani Gardens,Mumbai,Maharashtra,INDIA,400076",DELIVER,Forward,-,-,"08, Jun 2019 05:54 AM","13, Jun 2019 06:44 AM","13, Jun 2019 07:14 AM",Prepaid,0.0,-,Not Dispatched,-,-,-,-,-,-,0.0,-,-,-,-,User_9364,0.0,0,10,-,-,-,-,0,-,-,5.777494430541992
Ord_0550484_test,Ord_8978312_test,Test Automation Client,Mumbai,Mumbai,"A901 Supreme Business Park,South Avenue,Near Hiranandani Gardens,Mumbai,Maharashtra,INDIA,400076",DELIVER,Forward,-,-,"08, Jun 2019 05:46 AM","13, Jun 2019 06:36 AM","13, Jun 2019 07:06 AM",Prepaid,0.0,-,Not Dispatched,-,-,-,-,-,-,0.0,-,-,-,-,User_1335,0.0,0,10,-,-,-,-,0,-,-,18.998411178588867
Ord_6185768_test,ord_806569166860_test,Test Automation Client,Test Automation Client Main Branch,Test Automation Client Main Branch,"A901 Supreme Business Park,South Avenue,Near Hiranandani Gardens,Mumbai,Maharashtra,INDIA,400076",DELIVER,Forward,-,-,"08, Jun 2019 05:30 AM","13, Jun 2019 06:20 AM","13, Jun 2019 06:50 AM",Prepaid,0.0,-,Not Dispatched,-,-,-,-,-,-,0.0,-,-,-,-,User_1504,0.0,0,10,-,-,-,-,0,-,-,5.777494430541992
Ord_3445415_test,Ord_5688056_test,Test Automation Client,Kolkata,Kolkata,"A901 Supreme Business Park,South Avenue,Near Hiranandani Gardens,Kolkata,Maharashtra,INDIA,400076",DELIVER,Forward,-,-,"08, Jun 2019 05:28 AM","13, Jun 2019 06:18 AM","13, Jun 2019 06:48 AM",Prepaid,0.0,-,Intransit,-,User_6813674,TRIP-9643,"14, Jun 2019 05:31 PM","12, Jun 2019 11:59 PM",-,2046.29,-,"12, Jun 2019 11:59 PM","14, Jun 2019 05:31 PM",-,User_1676,0.0,0,1,-,-,-,-,0,-,-,1656.144287109375
Ord_7044856_test,Ord_2031141_test,Test Automation Client,Kolkata,Kolkata,"A901 Supreme Business Park,South Avenue,Near Hiranandani Gardens,Kolkata,Maharashtra,INDIA,400076",DELIVER,Forward,-,-,"08, Jun 2019 05:18 AM","13, Jun 2019 06:08 AM","13, Jun 2019 06:38 AM",Prepaid,0.0,-,Intransit,-,User_2359318,TRIP-9641,"14, Jun 2019 05:21 PM","12, Jun 2019 11:49 PM",-,2046.29,-,"12, Jun 2019 11:49 PM","14, Jun 2019 05:21 PM",-,User_9973,0.0,0,1,-,-,-,-,0,-,-,1656.144287109375
Ord_0691516_UPD,ord_798313778250_test,Test Automation Client,Test Automation Client Main Branch,Test Automation Client Main Branch,"A901 Supreme Business Park,South Avenue,Near Hiranandani Gardens,nullMumbai,400076",DELIVER,Forward,-,-,"08, Jun 2019 05:12 AM","13, Jun 2019 06:52 AM","13, Jun 2019 07:52 AM",Prepaid,65.0,-,Not Dispatched,-,-,-,-,-,-,0.0,-,-,-,-,User_0005,0.0,0,10,-,-,-,-,0,-,-,8.558
Ord_9090457_test,Ord_9594758_test,Test Automation Client,Mumbai,Mumbai,"A901 Supreme Business Park,South Avenue,Near Hiranandani Gardens,Mumbai,Maharashtra,INDIA,400076",DELIVER,Forward,-,-,"08, Jun 2019 05:11 AM","13, Jun 2019 06:01 AM","13, Jun 2019 06:31 AM",Prepaid,0.0,-,Not Dispatched,-,User_7266403,TRIP-9639,"13, Jun 2019 06:16 AM",-,-,20.712,-,"13, Jun 2019 05:21 AM","13, Jun 2019 06:16 AM",-,User_4062,0.0,0,10,-,-,-,-,0,-,-,18.998411178588867
Ord_5069297_test,Ord_5362699_test,Test Automation Client,Mumbai,Mumbai,"A901 Supreme Business Park,South Avenue,Near Hiranandani Gardens,Mumbai,Maharashtra,INDIA,400076",DELIVER,Forward,-,-,"08, Jun 2019 05:11 AM","13, Jun 2019 06:01 AM","13, Jun 2019 06:31 AM",Prepaid,0.0,-,Not Dispatched,-,User_8971348,TRIP-9637,"13, Jun 2019 06:16 AM",-,-,20.712,-,"13, Jun 2019 05:20 AM","13, Jun 2019 06:16 AM",-,User_4390,0.0,0,10,-,-,-,-,0,-,-,18.998411178588867
Ord_4614110_test,Ord_4977551_test,Test Automation Client,Mumbai,Mumbai,"A901 Supreme Business Park,South Avenue,Near Hiranandani Gardens,Mumbai,Maharashtra,INDIA,400076",DELIVER,Forward,-,-,"08, Jun 2019 05:10 AM","13, Jun 2019 06:00 AM","13, Jun 2019 06:30 AM",Prepaid,0.0,-,Not Dispatched,-,User_9447905,TRIP-9635,"13, Jun 2019 06:15 AM",-,-,20.712,-,"13, Jun 2019 05:19 AM","13, Jun 2019 06:15 AM",-,User_4320,0.0,0,10,-,-,-,-,0,-,-,18.998411178588867
Ord_5024366_test,ord_224524202979_test,Test Automation Client,Test Automation Client Main Branch,Test Automation Client Main Branch,"A901 Supreme Business Park,South Avenue,Near Hiranandani Gardens,Mumbai,Maharashtra,INDIA,400076",DELIVER,Forward,-,-,"08, Jun 2019 05:08 AM","13, Jun 2019 05:58 AM","13, Jun 2019 06:28 AM",Prepaid,0.0,-,Not Dispatched,-,-,-,-,-,-,0.0,-,-,-,-,User_5387,0.0,0,10,-,-,-,-,0,-,-,0.677
Ord_3810975_test,Ord_4425948_test,Test Automation Client,Kolkata,Kolkata,"A901 Supreme Business Park,South Avenue,Near Hiranandani Gardens,Kolkata,Maharashtra,INDIA,400076",DELIVER,Forward,-,-,"08, Jun 2019 05:04 AM","13, Jun 2019 05:54 AM","13, Jun 2019 06:24 AM",Prepaid,0.0,-,Intransit,-,User_6018469,TRIP-9633,"14, Jun 2019 05:08 PM","12, Jun 2019 11:36 PM",-,2046.29,-,"12, Jun 2019 11:36 PM","14, Jun 2019 05:08 PM",-,User_3469,0.0,0,1,-,-,-,-,0,-,-,1656.144287109375
Ord_3816706_test,ord_048197036046_test,Test Automation Client,Test Automation Client Main Branch,Test Automation Client Main Branch,"A901 Supreme Business Park,South Avenue,Near Hiranandani Gardens,Mumbai,Maharashtra,INDIA,400076",DELIVER,Forward,-,-,"08, Jun 2019 05:04 AM","13, Jun 2019 05:54 AM","13, Jun 2019 06:24 AM",Prepaid,0.0,-,Not Dispatched,-,-,-,-,-,-,0.0,-,-,-,-,User_5159,0.0,0,10,-,-,-,-,0,-,-,0.677
Ord_8047640_File,OrdWallets_2612914_File,Account_Test,Mumbai,Mumbai,"A901 Supreme Business Park,South Avenue,Powai,Mumbai,Maharashtra,INDIA,400076",DELIVER,Forward,Delivery Boy,,"12, Jun 2019 11:15 PM","13, Jun 2019 12:20 AM","13, Jun 2019 12:50 AM",COD,2000.0,2000.0,Delivered,-,-,-,-,"12, Jun 2019 11:34 PM","12, Jun 2019 11:34 PM",0.0,-,-,-,0,User_9497,2000.0,0,6,4.0,500.0,-,-,1,-,-,18.998411178588867
Ord_2662087_test,ord_370396154020_test,Test Automation Client,Test Automation Client Main Branch,Test Automation Client Main Branch,"A901 Supreme Business Park,South Avenue,Near Hiranandani Gardens,Mumbai,Maharashtra,INDIA,400076",DELIVER,Forward,-,-,"08, Jun 2019 05:00 AM","13, Jun 2019 05:50 AM","13, Jun 2019 06:20 AM",Prepaid,0.0,-,Not Dispatched,-,-,-,-,-,-,0.0,-,-,-,-,User_2207,0.0,0,10,-,-,-,-,0,-,-,0.677
Ord_6098304_test,ord_542534799398_test,Test Automation Client,Test Automation Client Main Branch,Test Automation Client Main Branch,"A901 Supreme Business Park,South Avenue,Near Hiranandani Gardens,Mumbai,Maharashtra,INDIA,400076",DELIVER,Forward,-,-,"08, Jun 2019 04:58 AM","13, Jun 2019 05:48 AM","13, Jun 2019 06:18 AM",Prepaid,0.0,-,Not Dispatched,-,User_958627996,TRIP-9629,"15, Jun 2019 05:43 AM",-,-,8.57,-,"15, Jun 2019 05:01 AM","15, Jun 2019 05:43 AM",-,User_1069,0.0,0,10,-,-,-,-,0,-,-,5.777494430541992
4881469,C4881469,Test Automation Client,Mumbai,Mumbai,"supreme business park,hiranandani,powai,Mumbai,SINGAPORE,400076",DELIVER,Forward,-,-,"02, Jun 2017 11:30 AM","12, Jun 2019 11:26 PM","12, Jun 2019 11:26 PM",Prepaid,0.0,0.0,Delivered,-,Auto4881469,TRIP-9630,"12, Jun 2019 11:38 PM","12, Jun 2019 11:27 PM","12, Jun 2019 11:27 PM",23.851,-,"12, Jun 2019 10:36 PM","12, Jun 2019 11:38 PM",0,4881469,0.0,0,1,-,-,-,-,1,-,-,16.876605987548828
Awb_2371903,ord_169692601856_test,Test Automation Client,Test Automation Client Main Branch,Test Automation Client Main Branch,"A901 Supreme Business Park,South Avenue,Powai,Near Hiranandani Gardens,Mumbai,Maharashtra,INDIA,400076",DELIVER,Forward,-,-,"12, Jun 2019 11:02 PM","13, Jun 2019 12:07 AM","13, Jun 2019 12:37 AM",COD,200.0,-,Not Dispatched,-,-,-,-,-,-,0.0,-,-,-,-,User_7341,0.0,0,2,10.0,10.1,-,-,0,-,-,0.42653268575668335
Ord_9319736_test,ord_214850116707_test,Test Automation Client,Test Automation Client Main Branch,Test Automation Client Main Branch,"A901 Supreme Business Park,South Avenue,Near Hiranandani Gardens,Mumbai,Maharashtra,INDIA,400076",DELIVER,Forward,-,-,"08, Jun 2019 04:38 AM","13, Jun 2019 05:28 AM","13, Jun 2019 05:58 AM",Prepaid,0.0,-,Not Dispatched,-,-,-,-,-,-,0.0,-,-,-,-,User_8942,0.0,0,10,-,-,-,-,0,-,-,5.777494430541992
Ord_8477711_test,ord_055763402379_test,Test Automation Client,Test Automation Client Main Branch,Test Automation Client Main Branch,"A901 Supreme Business Park,South Avenue,Near Hiranandani Gardens,Mumbai,Maharashtra,INDIA,400076",DELIVER,Forward,-,-,"08, Jun 2019 04:27 AM","13, Jun 2019 05:17 AM","13, Jun 2019 05:47 AM",Prepaid,0.0,-,Not Dispatched,-,-,-,-,-,-,0.0,-,-,-,-,User_3716,0.0,0,10,-,-,-,-,0,-,-,5.777494430541992
Ord_6144078_File,Ord_3560007_File,Test Automation Client,Test Automation Client Main Branch,Test Automation Client Main Branch,"A901 Supreme Business Park,South Avenue,Powai,Mumbai,Maharashtra,INDIA,400076",DELIVER,Forward,Delivery Boy,,"12, Jun 2019 10:40 PM","12, Jun 2019 11:45 PM","13, Jun 2019 12:15 AM",COD,2000.0,-,Not Dispatched,-,-,-,-,-,-,0.0,-,-,-,-,User_9360,0.0,0,6,4.0,500.0,-,-,0,-,-,5.777494430541992
Awb_5631688,ord_752350130458_test,Test Automation Client,Test Automation Client Main Branch,Test Automation Client Main Branch,"A901 Supreme Business Park,South Avenue,Powai,Near Hiranandani Gardens,Mumbai,Maharashtra,INDIA,400076",DELIVER,Forward,-,-,"12, Jun 2019 10:25 PM","12, Jun 2019 10:30 PM","12, Jun 2019 11:00 PM",COD,200.0,-,Not Dispatched,-,-,-,-,-,-,0.0,-,-,-,-,User_5013,0.0,0,2,10.0,10.1,-,-,0,-,-,0.74
Awb_5879286,ord_601162646433_test,Test Automation Client,Test Automation Client Main Branch,Test Automation Client Main Branch,"A901 Supreme Business Park,South Avenue,Powai,Near Hiranandani Gardens,Mumbai,Maharashtra,INDIA,400076",DELIVER,Forward,-,-,"12, Jun 2019 10:23 PM","12, Jun 2019 11:28 PM","12, Jun 2019 11:58 PM",COD,200.0,-,CANCELLED,-,-,-,-,"12, Jun 2019 10:47 PM","12, Jun 2019 10:47 PM",0.0,-,-,-,0,User_0967,0.0,0,2,10.0,10.1,-,Delivery Boy not available,0,-,-,0.42653268575668335
Ord_7315635_test,ord_770241082106_test,Test Automation Client,Test Automation Client Main Branch,Test Automation Client Main Branch,"A901 Supreme Business Park,South Avenue,Near Hiranandani Gardens,Mumbai,Maharashtra,INDIA,400076",DELIVER,Forward,-,-,"08, Jun 2019 04:12 AM","13, Jun 2019 05:02 AM","13, Jun 2019 05:32 AM",Prepaid,0.0,-,Not Dispatched,-,-,-,-,-,-,0.0,-,-,-,-,User_0172,0.0,0,10,-,-,-,-,0,-,-,5.777494430541992
Awb_3485938,ord_837408126210_test,Test Automation Client,Test Automation Client Main Branch,Test Automation Client Main Branch,"A901 Supreme Business Park,South Avenue,Powai,Near Hiranandani Gardens,Mumbai,Maharashtra,INDIA,400076",DELIVER,Forward,-,-,"12, Jun 2019 10:21 PM","12, Jun 2019 11:26 PM","12, Jun 2019 11:56 PM",COD,200.0,-,Attempted Delivery,-,-,-,-,"12, Jun 2019 10:45 PM","12, Jun 2019 10:45 PM",0.0,-,-,-,0,User_5065,0.0,0,2,10.0,10.1,-,No customer at delivery location,1,-,-,0.42653268575668335
Awb_8547869,ord_516480970074_test,Test Automation Client,Test Automation Client Main Branch,Test Automation Client Main Branch,"A901 Supreme Business Park,South Avenue,Powai,Near Hiranandani Gardens,Mumbai,Maharashtra,INDIA,400076",DELIVER,Forward,-,-,"12, Jun 2019 10:20 PM","12, Jun 2019 11:25 PM","12, Jun 2019 11:55 PM",COD,200.0,200.0,Delivered,-,-,-,-,"12, Jun 2019 10:43 PM","12, Jun 2019 10:43 PM",0.0,-,-,-,0,User_3644,200.0,0,2,10.0,10.1,-,-,1,-,-,0.42653268575668335
Awb_0177751,ord_396234635379_test,Test Automation Client,Test Automation Client Main Branch,Test Automation Client Main Branch,"A901 Supreme Business Park,South Avenue,Powai,Near Hiranandani Gardens,Mumbai,Maharashtra,INDIA,400076",DELIVER,Forward,-,-,"12, Jun 2019 10:18 PM","12, Jun 2019 10:23 PM","12, Jun 2019 10:53 PM",COD,200.0,-,Not Dispatched,-,-,-,-,-,-,0.0,-,-,-,-,User_2806,0.0,0,2,10.0,10.1,-,-,0,-,-,0.42653268575668335
Ord_3195470_test,Ord_2227865_test,Test Automation Client,Delhi,Delhi,"A901 Supreme Business Park,South Avenue,Near Hiranandani Gardens,Delhi,Maharashtra,INDIA,400076",DELIVER,Forward,-,-,"08, Jun 2019 04:06 AM","13, Jun 2019 04:56 AM","13, Jun 2019 05:26 AM",Prepaid,0.0,-,Intransit,-,User_9746324,TRIP-9622,"12, Jun 2019 11:05 PM","12, Jun 2019 10:38 PM",-,2.87,-,"12, Jun 2019 10:38 PM","12, Jun 2019 11:05 PM",-,User_4007,0.0,0,1,-,-,-,-,0,-,-,1.6686804294586182
Ord_8030831_test,Ord_1179815_test,Test Automation Client,Delhi,Delhi,"A901 Supreme Business Park,South Avenue,Near Hiranandani Gardens,Delhi,Maharashtra,INDIA,400076",DELIVER,Forward,-,-,"08, Jun 2019 04:03 AM","13, Jun 2019 04:53 AM","13, Jun 2019 05:23 AM",Prepaid,0.0,-,Intransit,-,User_2169957,TRIP-9620,"12, Jun 2019 11:02 PM","12, Jun 2019 10:35 PM",-,2.87,-,"12, Jun 2019 10:35 PM","12, Jun 2019 11:02 PM",-,User_8395,0.0,0,1,-,-,-,-,0,-,-,1.6686804294586182
Ord_7193027_test,Ord_0073048_test,Test Automation Client,Delhi,Delhi,"A901 Supreme Business Park,South Avenue,Near Hiranandani Gardens,Delhi,Maharashtra,INDIA,400076",DELIVER,Forward,-,-,"08, Jun 2019 04:01 AM","13, Jun 2019 04:51 AM","13, Jun 2019 05:21 AM",Prepaid,0.0,-,Intransit,-,User_4099510,TRIP-9618,"12, Jun 2019 11:00 PM","12, Jun 2019 10:32 PM",-,2.87,-,"12, Jun 2019 10:32 PM","12, Jun 2019 11:00 PM",-,User_7626,0.0,0,1,-,-,-,-,0,-,-,1.6686804294586182
-,-,-,-,-,-,-,-,-,-,-,-,-,-,-,-,-,-,-,-,-,-,-,-,-,-,-,-,-,-,-,-,-,-,-,-,-,-,-,-
